fragId,SMILES,SMILES Naked,HBD,HBA,cLogP,Heteroatoms,Rings,Rot. Bonds,Aromatic Bonds,Acidic Groups,Basic Groups,Atomic Polarizability
C001,C#CCCC1(CCC(=O)N2C3CCC2CC(O)(Cc2ccccc2)C3)N=N1,CC(=O)N1C2CCC1CC(O)(Cc1ccccc1)C2,1,2,2.1334999999999997,3,3,2,6,0,0,44.866653000000014
C002,C#CCCC1(CCC(=O)Nc2cc(S(N)(=O)=O)ccc2-n2cc(C)cn2)N=N1,CC(=O)Nc1cc(S(N)(=O)=O)ccc1-n1cc(C)cn1,2,5,0.7865199999999998,8,2,3,11,0,0,40.16110200000001
C003,C#CCCC1(CCNC(=O)COc2ccc3c(C)c(C)c(=O)oc3c2C)N=N1,CNC(=O)COc1ccc2c(C)c(C)c(=O)oc2c1C,1,4,1.8430599999999995,5,2,3,11,0,0,42.043481
C004,C#CCCC1(CCC(=O)N2CCc3ccsc3C2c2cscn2)N=N1,CC(=O)N1CCc2ccsc2C1c1cscn1,0,4,2.6986000000000008,5,3,1,10,0,0,37.923516
C006,C#CCCC1(CCNC(=O)C2CCc3nnn(C4CCCC4)c3C2)N=N1,CNC(=O)C1CCc2nnn(C3CCCC3)c2C1,1,4,1.2440999999999993,5,3,2,5,0,0,41.41786000000001
C007,C#CCCC1(CCC(=O)NC(C)c2cnc(C(F)(F)F)s2)N=N1,CC(=O)NC(C)c1cnc(C(F)(F)F)s1,1,3,2.359,7,1,2,5,0,0,27.654137
C008,C#CCCC1(CCNC(=O)c2oc(C(C)(C)C)nc2C(F)F)N=N1,CNC(=O)c1oc(C(C)(C)C)nc1C(F)F,1,3,2.2693000000000003,6,1,2,5,0,0,31.853102
C009,C#CCCC1(CCC(=O)NC(C(=O)N2CCCCC2)C(C)C)N=N1,CCC1CN(C(C)=O)C(CC)CN1C(C)=O,0,2,1.2542,4,1,2,0,0,0,39.593446
C010,C#CCCC1(CCNC(=O)Cc2c(C(F)(F)F)coc2C)N=N1,CNC(=O)Cc1c(C(F)(F)F)coc1C,1,2,1.89532,6,1,2,5,0,0,26.882929999999998
C011,C#CCCC1(CCNC(=O)C2(c3ccccc3C#N)CCC2)N=N1,CNC(=O)C1(c2ccccc2C#N)CCC1,1,2,1.72598,3,2,2,6,0,0,35.21710200000001
C012,C#CCCC1(CCNC(=O)[C@H]2OCCO[C@H]2C(F)(F)F)N=N1,CNC(=O)[C@@H]1OCCO[C@@H]1C(F)(F)F,1,3,0.07869999999999977,7,1,1,0,0,0,24.164929999999995
C013,C#CCCC1(CCC(=O)N2CCOC(Cn3cncn3)C2)N=N1,CC(=O)N1CCOC(Cn2cncn2)C1,0,5,-0.4746000000000008,6,2,2,5,0,0,31.179102000000007
C014,C#CCCC1(CCC(=O)NCCc2cn3c(n2)CCC3)N=N1,CC(=O)NCCc1cn2c(n1)CCC2,1,3,0.5078999999999998,4,2,3,5,0,0,31.70389500000001
C015,C#CCCC1(CCC(=O)NC2CC3CCC2N(C)C3)N=N1,CC(=O)NC1CC2CCC1N(C)C2,1,2,0.6052,3,3,1,0,0,1,32.604274000000004
C017,C#CCCC1(CCC(=O)Nc2ccc3c(c2)nc(C)n3C2(CO)CCC2)N=N1,CC(=O)Nc1ccc2c(c1)nc(C)n2C1(CO)CCC1,2,4,2.17462,5,3,3,10,0,0,43.973067000000015
C018,C#CCCC1(CCC(=O)Nc2ccc(F)cc2Cn2ccsc2=O)N=N1,CC(=O)Nc1ccc(F)cc1Cn1ccsc1=O,1,4,2.0556,6,2,3,11,0,0,35.715723
C020,C#CCCC1(CCC(=O)N(C)C2CS(=O)(=O)C23CCOCC3)N=N1,CC(=O)N(C)C1CS(=O)(=O)C12CCOCC2,0,4,-0.1890999999999996,6,2,1,0,0,0,36.143481
C021,C#CCCC1(CCNC(=O)c2sccc2NS(C)(=O)=O)N=N1,CNC(=O)c1sccc1NS(C)(=O)=O,2,4,0.47920000000000007,7,1,3,5,0,0,29.39393
C022,C#CCCC1(CCNC(=O)C(C)(C)Oc2ccc(Cl)cc2)N=N1,CNC(=O)C(C)(C)Oc1ccc(Cl)cc1,1,2,2.2434000000000003,4,1,3,6,0,0,33.579102000000006
C023,C#CCCC1(CCC(=O)N2CCCC3(CCCCO3)C2C#N)N=N1,CC(=O)N1CCCC2(CCCCO2)C1C#N,0,3,1.46018,4,2,0,0,0,0,36.92627400000001
C024,C#CCCC1(CCNC(=O)c2c(C)nn(CC(F)F)c2C)N=N1,CNC(=O)c1c(C)nn(CC(F)F)c1C,1,3,1.12464,6,1,3,5,0,0,29.724308999999998
C025,C#CCCC1(CCC(=O)NCc2nnc(C(C)(C)C)s2)N=N1,CC(=O)NCc1nnc(C(C)(C)C)s1,1,4,1.4717,5,1,2,5,0,0,32.843895
C026,C#CCCC1(CCC(=O)NC2c3cccc(F)c3OC2C)N=N1,CC(=O)NC1c2cccc(F)c2OC1C,1,2,1.7838,4,2,1,6,0,0,30.622516
C027,C#CCCC1(CCNC(=O)c2ccnc3nccnc23)N=N1,CNC(=O)c1ccnc2nccnc12,1,4,0.3844,5,2,1,11,0,0,26.376344000000003
C028,C#CCCC1(CCC(=O)N2CCCCC2c2nnc(CC(F)(F)F)o2)N=N1,CC(=O)N1CCCCC1c1nnc(CC(F)(F)F)o1,0,4,2.2479000000000005,8,2,2,5,0,0,35.27010200000001
C029,C#CCCC1(CCNC(=O)C2CCN(Cc3ccccc3)CC2(F)F)N=N1,CNC(=O)C1CCN(Cc2ccccc2)CC1(F)F,1,2,1.8897999999999995,5,2,3,6,0,1,40.75827400000001
C030,C#CCCC1(CCC(=O)NC[C@H]2C[C@H](c3n[nH]c(=O)n3C)C[C@H]2O)N=N1,CC(=O)NC[C@@H]1C[C@@H](c2n[nH]c(=O)n2C)C[C@@H]1O,3,5,-0.9009999999999998,7,2,3,5,0,0,38.168274000000004
C031,C#CCCC1(CCC(=O)NC2C3CC4CC2CC(NC(C)=O)(C4)C3)N=N1,CC(=O)NC1C2CC3CC1CC(NC(C)=O)(C3)C2,2,2,1.2058999999999997,4,4,2,0,0,0,43.113446
C032,C#CCCC1(CCC(=O)NCc2ccccc2S(=O)(=O)NC)N=N1,CNS(=O)(=O)c1ccccc1CNC(C)=O,2,3,0.23079999999999995,6,1,4,6,0,0,34.441101999999994
C033,C#CCCC1(CCNC(=O)C2CC3(C)CCCN3S2(=O)=O)N=N1,CNC(=O)C1CC2(C)CCCN2S1(=O)=O,1,3,-0.31099999999999994,6,2,1,0,0,0,34.014688
C034,C#CCCC1(CCC(=O)N2CCCN(CC(=O)NCC)CC2)N=N1,CCNC(=O)CN1CCCN(C(C)=O)CC1,1,3,-0.32329999999999925,5,1,3,0,0,1,38.26665300000001
C035,C#CCCC1(CCNC(=O)C(C)Cn2ccc3ccccc32)N=N1,CNC(=O)C(C)Cn1ccc2ccccc21,1,2,2.0233999999999996,3,2,3,10,0,0,36.550688
C036,C#CCCC1(CCNC(=O)C23CCC(N(C)C)(CC2)CC3)N=N1,CNC(=O)C12CCC(N(C)C)(CC1)CC2,1,2,1.3869999999999993,3,3,2,0,0,1,38.79144600000001
C037,C#CCCC1(CCC(=O)NC2(CS(C)(=O)=O)COC2)N=N1,CC(=O)NC1(CS(C)(=O)=O)COC1,1,4,-1.0638999999999994,6,1,3,0,0,0,28.196309
C038,C#CCCC1(CCC(=O)NC(CC(C)C)c2nc[nH]n2)N=N1,CNC(=O)C(c1cncn1C)N(C)C,1,4,-0.23120000000000052,5,1,3,5,0,1,31.710688000000005
C039,C#CCCC1(CCC(=O)N2CCC3(CC2)CC3c2nnc(-c3cccc(F)c3)o2)N=N1,CC(=O)N1CCC2(CC1)CC2c1nnc(-c2cccc(F)c2)o1,0,4,2.9917000000000016,6,4,2,11,0,0,47.38327400000001
C040,C#CCCC1(CCC(=O)Nc2cc(C)n(Cn3nc(C(F)(F)F)cc3C)n2)N=N1,CC(=O)Nc1cc(C)n(Cn2nc(C(F)(F)F)cc2C)n1,1,5,2.1794399999999996,9,2,3,10,0,0,38.428102
C041,C#CCCC1(CCNC(=O)C2(S(=O)(=O)c3ccc(C)cc3)CCCC2)N=N1,CNC(=O)C1(S(=O)(=O)c2ccc(C)cc2)CCCC1,1,3,1.8275199999999994,5,2,3,6,0,0,43.715067000000005
C042,C#CCCC1(CCC(=O)N2CCCC(N3C(=O)CC4(CCCC4)C3=O)C2)N=N1,CC(=O)N1CCCC(N2C(=O)CC3(CCCC3)C2=O)C1,0,3,1.3165999999999998,5,3,1,0,0,0,45.67544600000001
C044,C#CCCC1(CCC(=O)NC(C)c2cnn(-c3ccc(C#N)cc3)c2C)N=N1,CC(=O)NC(C)c1cnn(-c2ccc(C#N)cc2)c1C,1,4,2.2495000000000003,5,2,3,11,0,0,42.270688000000014
C045,C#CCCC1(CCC(=O)NCC2(N3CCN(C(C)C)CC3)CCCC2)N=N1,CC(=O)NCCC1CCN(C2CCN(C)CC2)CC1,1,3,1.3188,4,2,4,0,0,2,49.83899700000001
C046,C#CCCC1(CCNC(=O)C2CS(=O)C3c4ccccc4C(=O)N23)N=N1,CNC(=O)C1C[S+]([O-])C2c3ccccc3C(=O)N12,1,3,0.017899999999999583,6,3,1,6,0,0,36.627516
C048,C#CCCC1(CCC(=O)NCC(c2nnc3ccc(C)nn23)C(C)C)N=N1,CC(=O)NCC(c1nnc2ccc(C)nn12)C(C)C,1,5,1.30842,6,2,4,10,0,0,41.85106700000001
C049,C#CCCC1(CCC(=O)NC(C)c2oc3c(OC)cc(C)cc3c2C)N=N1,COc1cc(C)cc2c(C)c(C(C)NC(C)=O)oc12,1,3,3.2553400000000012,4,2,3,10,0,0,42.575067000000004
C050,C#CCCC1(CCC(=O)NC2(c3ccnc(S(C)(=O)=O)n3)CC2)N=N1,CC(=O)NC1(c2ccnc(S(C)(=O)=O)n2)CC1,1,5,0.005300000000000082,7,2,3,6,0,0,34.874309000000004
C051,C#CCCC1(CCC(=O)Nc2cccc(C(O)CC(F)(F)F)c2)N=N1,CC(=O)Nc1cccc(C(O)CC(F)(F)F)c1,2,2,2.6308000000000007,6,1,3,6,0,0,31.736515999999998
C052,C#CCCC1(CCNC(=O)c2cc(-c3ccc4c(c3)CCO4)no2)N=N1,CNC(=O)c1cc(-c2ccc3c(c2)CCO3)no1,1,4,1.6360999999999999,5,3,2,11,0,0,35.48751600000001
C053,C#CCCC1(CCC(=O)N2CCc3ccc(Cl)c(Cl)c3C2)N=N1,CC(=O)N1CCc2ccc(Cl)c(Cl)c2C1,0,1,2.8980000000000015,4,2,0,6,0,0,32.956723000000004
C054,C#CCCC1(CCC(=O)N2CC(NC(=O)NC(C)C)C(OC)C2)N=N1,COC1CN(C(C)=O)CC1NC(=O)NC(C)C,2,3,-0.06029999999999913,6,1,3,0,0,0,39.068653
C055,C#CCCC1(CCC(=O)NCC(F)(F)c2[nH]nc3c2CCCC3)N=N1,CC(=O)NCC(F)(F)c1[nH]nc2c1CCCC2,2,2,1.5164,6,2,3,5,0,0,34.57789500000001
C056,C#CCCC1(CCNC(=O)c2c[nH]nc2-c2cc3ccccc3o2)N=N1,CNC(=O)c1c[nH]nc1-c1cc2ccccc2o1,2,3,2.1825,5,3,2,15,0,0,35.118723
C057,C#CCCC1(CCC(=O)NC[C@@H]2COC[C@H]2n2cc(CO)nn2)N=N1,CC(=O)NC[C@@H]1COC[C@H]1n1cc(CO)nn1,2,6,-0.9059999999999999,7,2,4,5,0,0,35.074688
C058,C#CCCC1(CCNC(=O)CC2(C(F)(F)F)CCC(=O)NC2)N=N1,CNC(=O)CC1(C(F)(F)F)CCC(=O)NC1,2,2,0.5811999999999999,7,1,2,0,0,0,29.983309
C059,C#CCCC1(CCNC(=O)C23CC4(C)CC(C)(CC(O)(C4)C2)C3)N=N1,CNC(=O)C12CC3(C)CC(C)(CC(O)(C3)C1)C2,2,2,1.8438999999999999,3,4,1,0,0,0,42.68023900000001
C060,C#CCCC1(CCC(=O)NCC23CC4CC(C2)CC(OC)(C4)C3)N=N1,COC12CC3CC(CC(CNC(C)=O)(C3)C1)C2,1,2,2.1079,3,4,3,0,0,0,42.68023900000001
C061,C#CCCC1(CCNC(=O)C(C)S(=O)(=O)C2CCOCC2)N=N1,CNC(=O)C(C)S(=O)(=O)C1CCOCC1,1,4,-0.28529999999999966,6,1,3,0,0,0,34.383481
C062,C#CCCC1(CCC(=O)N2CC3CC2C3c2ocnc2C(N)=O)N=N1,CC(=O)N1CC2CC1C2c1ocnc1C(N)=O,1,4,0.10770000000000002,6,4,2,5,0,0,33.734309
C063,C#CCCC1(CCNC(=O)[C@@H]2C[C@H]2c2nn(C)c3ccccc23)N=N1,CNC(=O)[C@@H]1C[C@H]1c1nn(C)c2ccccc12,1,3,1.4227999999999998,4,3,2,10,0,0,36.98389500000001
C064,C#CCCC1(CCNC(=O)Cn2nc(C(F)F)c3c2CCC3)N=N1,CNC(=O)Cn1nc(C(F)F)c2c1CCC2,1,3,1.0554,6,2,3,5,0,0,31.484309000000003
C065,C#CCCC1(CCNC(=O)CNC(=O)c2cc(F)cc(F)c2)N=N1,CNC(=O)CNC(=O)c1cc(F)cc(F)c1,2,2,0.4405999999999999,6,1,3,6,0,0,29.18593
C066,C#CCCC1(CCC(=O)N2[C@H](C(=O)N(C)C)C[C@@H]3OCC[C@@H]32)N=N1,CC(=O)N1[C@H](C(=O)N(C)C)C[C@@H]2OCC[C@@H]21,0,3,-0.1471,5,2,1,0,0,0,35.968273999999994
C067,C#CCCC1(CCNC(=O)C2CCC(OC(F)(F)F)CC2)N=N1,CNC(=O)C1CCC(OC(F)(F)F)CC1,1,2,1.8275999999999997,6,1,2,0,0,0,29.550101999999995
C068,C#CCCC1(CCC(=O)NC2CCN(C3CCCCC3)C2=O)N=N1,CC(=O)NC1CCN(C2CCCCC2)C1=O,1,2,1.0560999999999994,4,2,2,0,0,0,38.25986
C069,C#CCCC1(CCC(=O)N2CC3CC2CC3(O)C(F)(F)F)N=N1,CC(=O)N1CC2CC1CC2(O)C(F)(F)F,1,2,0.9205000000000001,6,2,0,0,0,0,28.216516
C070,C#CCCC1(CCNC(=O)c2sc(C3CC3)nc2C2CC2)N=N1,CNC(=O)c1sc(C2CC2)nc1C1CC1,1,3,2.2575000000000003,4,3,3,5,0,0,34.59710200000001
C071,C#CCCC1(CCNC(=O)Cc2csc(-c3ccoc3)n2)N=N1,CNC(=O)Cc1csc(-c2ccoc2)n1,1,4,1.6915999999999995,5,2,3,10,0,0,30.971930000000004
C072,C#CCCC1(CCNC(=O)Cc2ccc(-n3cccc3)cc2)N=N1,CNC(=O)Cc1ccc(-n2cccc2)cc1,1,2,1.7657999999999996,3,2,3,11,0,0,35.217102
C073,C#CCCC1(CCC(=O)N2C[C@H]3CN(C)CC[C@@]3(CO)C2)N=N1,CC(=O)N1C[C@H]2CN(C)CC[C@@]2(CO)C1,1,3,-0.22109999999999957,4,2,1,0,0,1,36.499860000000005
C074,C#CCCC1(CCC(=O)N2CCC(O)(c3c[nH]nn3)CC2)N=N1,COC1(c2cnnn2C)CN(C(C)=O)C1,0,5,-0.48109999999999986,6,2,2,5,0,0,31.179102
C075,C#CCCC1(CCC(=O)NC(C2CC2(C)C)C(F)(F)F)N=N1,CC(=O)NC(C1CC1(C)C)C(F)(F)F,1,1,2.0995,5,1,2,0,0,0,28.748102
C076,C#CCCC1(CCC(=O)NCCNC(=O)c2cnccn2)N=N1,CC(=O)NCCNC(=O)c1cnccn1,2,4,-0.6574999999999998,6,1,4,6,0,0,29.845516000000007
C077,C#CCCC1(CCC(=O)NCc2cc(O)n3nccc3n2)N=N1,CC(=O)NCc1cc(=O)n2nccc2[nH]1,2,4,-0.3413000000000003,6,2,2,10,0,0,28.511930000000003
C078,C#CCCC1(CCNC(=O)c2nccc3ccn(C)c23)N=N1,CNC(=O)c1nccc2ccn(C)c12,1,3,0.9328999999999998,4,2,1,10,0,0,29.036723000000002
C079,C#CCCC1(CCNC(=O)[C@H]2CC[C@@H](CN(C)C)O2)N=N1,CCN1CCOCC1CC(=O)NC,1,3,-0.15679999999999916,4,1,3,0,0,1,31.646274000000002
C080,C#CCCC1(CCC(=O)NCCn2cnnc2CC)N=N1,CNC(=O)C(C)(C)Cc1cnn[nH]1,2,3,0.11939999999999956,5,1,3,5,0,0,28.617102000000003
C081,C#CCCC1(CCC(=O)N2CCOCC2c2c(C)nn(CC(F)(F)F)c2C)N=N1,CC(=O)N1CCOCC1c1c(C)nn(CC(F)(F)F)c1C,0,4,1.9820399999999998,8,2,2,5,0,0,41.457274000000005
C082,C#CCCC1(CCC(=O)Nc2cc(S(=O)(=O)N(CC)CC)cc(C)c2C)N=N1,CCN(CC)S(=O)(=O)c1cc(C)c(C)c(NC(C)=O)c1,1,3,2.2923400000000003,6,1,5,6,0,0,46.815445999999994
C083,C#CCCC1(CCNC(=O)C(c2ccccc2)n2sc3ccccc3c2=O)N=N1,CNC(=O)C(c1ccccc1)n1sc2ccccc2c1=O,1,4,2.3984000000000005,5,3,3,16,0,0,44.199102
C084,C#CCCC1(CCNC(=O)c2cccc(S(=O)(=O)N3CCNC(=O)C3)c2)N=N1,CNC(=O)c1cccc(S(=O)(=O)N2CCNC(=O)C2)c1,2,4,-0.8332999999999995,8,2,3,6,0,0,40.529894999999996
C085,C#CCCC1(CCNC(=O)CC23CC4CC(C2)CC(n2nnc(C)n2)(C4)C3)N=N1,CNC(=O)CC12CC3CC(C1)CC(n1nnc(C)n1)(C3)C2,1,5,1.4131199999999993,6,5,3,5,2,0,48.038239000000004
C086,C#CCCC1(CCC(=O)N2CCNC(=O)C2c2ccccc2C(F)(F)F)N=N1,CC(=O)N1CCNC(=O)C1c1ccccc1C(F)(F)F,1,2,1.7247999999999999,7,2,1,6,0,0,37.023309000000005
C087,C#CCCC1(CCNC(=O)c2nn(C)c3nc(-c4cn(C)nc4C)ccc23)N=N1,CNC(=O)c1nn(C)c2nc(-c3cn(C)nc3C)ccc12,1,6,1.0368199999999994,7,3,2,15,0,0,42.71068800000001
C088,C#CCCC1(CCC(=O)NC2CCN(S(=O)(=O)C(C)C)CC2CC)N=N1,CCC1CN(S(=O)(=O)C(C)C)CCC1NC(C)=O,1,3,0.9611999999999996,6,1,4,0,0,0,44.629032
C089,C#CCCC1(CCC(=O)N2Cc3cccnc3N3C[C@H](OCC)C[C@H]3C2)N=N1,CCO[C@@H]1C[C@H]2CN(C(C)=O)Cc3cccnc3N2C1,0,4,1.4275,5,3,2,6,0,0,45.306653000000004
C091,C#CCCC1(CCC(=O)Nc2cc(F)cc(N3C[C@@H](C)O[C@@H](C)C3)c2)N=N1,CC(=O)Nc1cc(F)cc(N2C[C@H](C)O[C@H](C)C2)c1,1,3,2.3977000000000004,5,2,2,6,0,0,41.670067
C092,C#CCCC1(CCC(=O)Nc2ccn(Cc3cccc4ccccc34)n2)N=N1,CC(=O)Nc1ccn(Cc2cccc3ccccc23)n1,1,3,3.043000000000001,4,3,3,16,0,0,42.263895000000005
C093,C#CCCC1(CCC(=O)NC[C@]2(S(C)(=O)=O)C[C@@H]2C(F)(F)F)N=N1,CC(=O)NC[C@]1(S(C)(=O)=O)C[C@@H]1C(F)(F)F,1,3,0.48810000000000003,8,1,3,0,0,0,30.158515999999995
C094,C#CCCC1(CCC(=O)NCc2ccc(C3(C(F)(F)F)N=N3)cc2)N=N1,CC(=O)NCc1ccc(C2(C(F)(F)F)N=N2)cc1,1,3,2.5036000000000005,7,2,3,6,0,0,31.80093
C095,C#CCCC1(CCC(=O)Nc2n[nH]c3c2c(-c2ccccc2)nn3C)N=N1,CC(=O)Nc1n[nH]c2c1c(-c1ccccc1)nn2C,2,4,1.9217999999999997,6,3,2,15,0,0,37.850309
C096,C#CCCC1(CCC(=O)NCC(=O)NCC2CC3CCC(C2)N3C)N=N1,CC(=O)NCC(=O)NCC1CC2CCC(C1)N2C,2,3,0.11150000000000126,5,2,4,0,0,1,43.120239000000005
C097,C#CCCC1(CCC(=O)NCCNS(=O)(=O)c2ccn(C)c2)N=N1,CC(=O)NCCNS(=O)(=O)c1ccn(C)c1,2,4,-0.5604999999999998,7,1,5,5,0,0,34.447895
C098,C#CCCC1(CCNC(=O)[C@@H]2[C@@H](c3ccncc3Cl)C2(C)C)N=N1,CNC(=O)[C@@H]1[C@@H](c2ccncc2Cl)C1(C)C,1,2,2.2206,4,2,2,6,0,0,36.303895000000004
C099,C#CCCC1(CCNC(=O)Cc2nc(-c3cccs3)oc2C)N=N1,CNC(=O)Cc1nc(-c2cccs2)oc1C,1,4,2.00002,5,2,3,10,0,0,34.065515999999995
C100,C#CCCC1(CCNC(=O)c2n[nH]c(C(F)(F)F)c2C(C)C)N=N1,CNC(=O)c1n[nH]c(C(F)(F)F)c1C(C)C,2,2,1.9115000000000002,7,1,2,5,0,0,29.614516
C101,C#CCCC1(CCC(=O)N2CC(CC)N(C(C)=O)CC2CC)N=N1,CC(=O)NC(C(=O)N1CCCCC1)C(C)C,1,2,1.1595999999999995,4,1,3,0,0,0,39.593446
C102,C#CCCC1(CCNC(=O)c2cc3c(cc2Cl)NC(=O)C3)N=N1,CNC(=O)c1cc2c(cc1Cl)NC(=O)C2,2,2,1.1942,5,2,1,6,0,0,29.585137000000003
C103,C#CCCC1(CCNC(=O)C2CCC3NC(=O)C(C)(C)C3C2)N=N1,CNC(=O)C1CCC2NC(=O)C(C)(C)C2C1,2,2,0.6732999999999993,4,2,1,0,0,0,38.25986
C104,C#CCCC1(CCC(=O)N(C)C[C@@H]2OCC[C@@H]2c2ncn[nH]2)N=N1,CC(=O)N(C)C[C@@H]1OCC[C@@H]1c1ncn[nH]1,1,4,0.15549999999999958,6,2,3,5,0,0,34.272688
C105,C#CCCC1(CCNC(=O)C2(c3cc(C)no3)CCOCC2)N=N1,CNC(=O)C1(c2cc(C)no2)CCOCC1,1,4,0.77722,5,2,2,5,0,0,34.634688000000004
C106,C#CCCC1(CCC(=O)N(C)C2(c3cccc(Cl)c3)CC2)N=N1,CC(=O)N(C)C1(c2cccc(Cl)c2)CC1,0,1,2.8074000000000012,3,2,2,6,0,0,34.537102000000004
C107,C#CCCC1(CCNC(=O)CC2CCCC(C(F)(F)F)C2)N=N1,CNC(=O)CC1CCCC(C(F)(F)F)C1,1,1,2.4912,5,1,2,0,0,0,31.841687999999998
C108,C#CCCC1(CCC(=O)N2CCC3CCC32c2cccs2)N=N1,CC(=O)N1CCC2CCC21c1cccs1,0,2,2.605600000000001,3,3,1,5,0,0,35.92389500000001
C109,C#CCCC1(CCC(=O)NCc2cnn3ccn(C)c(=O)c23)N=N1,CC(=O)NCc1cnn2ccn(C)c(=O)c12,1,5,-0.33090000000000086,6,2,2,10,0,0,31.605516000000005
C110,C#CCCC1(CCC(=O)NC(C)(C)c2cc(C(F)F)on2)N=N1,CC(=O)NC(C)(C)c1cc(C(F)F)on1,1,3,1.9834,6,1,3,5,0,0,28.759516
C111,C#CCCC1(CCNC(=O)CCn2c(C)c(C)sc2=O)N=N1,CNC(=O)CCn1c(C)c(C)sc1=O,1,4,0.6627399999999999,5,1,3,5,0,0,31.879102000000003
C112,C#CCCC1(CCNC(=O)c2ccc(Cc3ccccc3)[nH]2)N=N1,CNC(=O)c1ccc(Cc2ccccc2)[nH]1,2,1,1.9651,3,2,3,11,0,0,35.217102000000004
C113,C#CCCC1(CCC(=O)N2C[C@@H](O)[C@H](N3CCOCC3)C2)N=N1,CC(=O)N1C[C@@H](O)[C@H](N2CCOCC2)C1,1,4,-1.0897999999999985,5,2,1,0,0,1,34.20827400000001
C114,C#CCCC1(CCC(=O)N2CC3(CC(O)CNC3=O)C2)N=N1,CC(=O)N1CC2(CC(O)CNC2=O)C1,2,3,-1.2842999999999993,5,2,0,0,0,0,29.781101999999997
C115,C#CCCC1(CCC(=O)NC2CCN(CCC=C)CC2)N=N1,CC(=O)NC1CC(N(C)C)C12CCC2,1,2,0.9952999999999996,3,2,2,0,0,1,35.697860000000006
C116,C#CCCC1(CCC(=O)N2Cc3nc(C)nc(O)c3C2)N=N1,CC(=O)N1Cc2nc(C)[nH]c(=O)c2C1,1,3,-0.05957999999999991,5,2,0,6,0,0,28.078723000000004
C117,C#CCCC1(CCC(=O)N2CCN3CCCCC2C3)N=N1,CC(=O)N1CCN2CCCCC1C2,0,2,0.7029999999999996,3,2,0,0,0,1,32.604274000000004
C119,C#CCCC1(CCNC(=O)C2CCCN2S(=O)(=O)c2sc(=O)[nH]c2C)N=N1,CNC(=O)C1CCCN1S(=O)(=O)c1sc(=O)[nH]c1C,2,5,-0.35607999999999995,9,2,3,5,0,0,39.909895
C120,C#CCCC1(CCNC(=O)C(C)Oc2cc(C)cc3oc(=O)c4c(c23)CCC4)N=N1,CNC(=O)C(C)Oc1cc(C)cc2oc(=O)c3c(c12)CCC3,1,4,2.10342,5,3,3,11,0,0,46.89706700000001
C121,C#CCCC1(CCC(=O)Nc2nn(Cc3cn(CC)nc3C)cc2Cl)N=N1,CCn1cc(Cn2cc(Cl)c(NC(C)=O)n2)c(C)n1,1,5,2.0680199999999997,7,2,4,10,0,0,40.27068800000001
C122,C#CCCC1(CCNC(=O)CN2C(=O)NC(C)(c3ccc(C)cc3)C2=O)N=N1,CNC(=O)CN1C(=O)NC(C)(c2ccc(C)cc2)C1=O,2,3,0.5080199999999997,6,2,3,6,0,0,41.681481000000005
C123,C#CCCC1(CCC(=O)N2C3CCC2CC(N2CCCS2(=O)=O)C3)N=N1,CC(=O)N1C2CCC1CC(N1CCCS1(=O)=O)C2,0,3,0.5638000000000001,6,3,1,0,0,0,41.96186
C125,C#CCCC1(CCC(=O)N2CCC3(CC2)CC3CN2CCN(C)CC2)N=N1,CC(=O)N1CCC2(CC1)CC2CN1CCN(C)CC1,0,3,0.8824000000000005,4,3,2,0,0,2,48.50541100000001
C126,C#CCCC1(CCC(=O)N2CC(C)(c3nnc(C4CCOCC4)o3)C2)N=N1,CC(=O)N1CC(C)(c2nnc(C3CCOCC3)o2)C1,0,5,1.0834000000000001,6,3,2,5,0,0,41.25506700000001
C128,C#CCCC1(CCC(=O)N[C@@H]2CCCC[C@H]2NS(=O)(=O)C2CC2)N=N1,CC(=O)N[C@@H]1CCCC[C@H]1NS(=O)(=O)C1CC1,2,3,0.5155000000000001,6,2,4,0,0,0,40.20186
C129,C#CCCC1(CCC(=O)N(C)Cc2coc(-c3ccc(C#N)cc3)n2)N=N1,CC(=O)N(C)Cc1coc(-c2ccc(C#N)cc2)n1,0,4,2.19158,5,2,3,11,0,0,38.21230900000001
C130,C#CCCC1(CCC(=O)NC(c2ccc3c(c2)OCCO3)C2CC2)N=N1,CC(=O)NC(c1ccc2c(c1)OCCO2)C1CC1,1,3,2.045,4,3,3,6,0,0,39.481481
C131,C#CCCC1(CCC(=O)Nc2ccc(C3CC(=O)NC(=O)N3)cc2)N=N1,CC(=O)Nc1ccc(C2CC(=O)NC(=O)N2)cc1,3,3,0.9155999999999997,6,2,2,6,0,0,35.494309
C132,C#CCCC1(CCC(=O)N2C[C@@H](COC)[C@H](c3cnn(C)c3)C2)N=N1,CC(=O)NC1CCc2c(nc(C)n2CCO)C1,2,4,0.17721999999999954,5,2,3,5,0,0,38.693067000000006
C133,C#CCCC1(CCNC(=O)C2(COC)CCCNS2(=O)=O)N=N1,CNC(=O)C1(COC)CCCNS1(=O)=O,2,4,-1.1691999999999987,7,1,3,0,0,0,33.056688
C134,C#CCCC1(CCNC(=O)C(O)c2cc(Cl)cc(Cl)c2)N=N1,CNC(=O)C(O)c1cc(Cl)cc(Cl)c1,2,2,1.7727999999999997,5,1,2,6,0,0,28.905137000000003
C135,C#CCCC1(CCNC(=O)C(O)(c2ccccc2)C(F)(F)F)N=N1,CNC(=O)C(O)(c1ccccc1)C(F)(F)F,2,2,1.1824999999999999,6,1,2,6,0,0,28.642929999999996
C136,C#CCCC1(CCNC(=O)Cc2cc(S(N)(=O)=O)cn2C)N=N1,CNC(=O)Cc1cc(S(N)(=O)=O)cn1C,2,4,-1.038999999999999,7,1,3,5,0,0,31.354308999999997
C137,C#CCCC1(CCC(=O)N2CCCC23CCCS(=N)(=O)C3)N=N1,CC(=O)N1CCCC12CCCS(=N)(=O)C2,1,3,1.20807,5,2,0,0,0,0,36.306274
C138,C#CCCC1(CCNC(=O)c2cc3n(n2)CCNS3(=O)=O)N=N1,CNC(=O)c1cc2n(n1)CCNS2(=O)=O,2,5,-1.4653999999999996,8,2,1,5,0,0,28.69393
C139,C#CCCC1(CCC(=O)NCCc2cnc3ccc(C)cc3c2)N=N1,CC(=O)N1CCCn2c(cc3ccccc32)C1,0,2,2.3935000000000004,3,3,0,10,0,0,38.310688000000006
C140,C#CCCC1(CCC(=O)N2CC(OCc3ccccc3F)C2)N=N1,CC(=O)N1CC(OCc2ccccc2F)C1,0,2,1.573,4,2,3,6,0,0,33.716102
C141,C#CCCC1(CCC(=O)NCC2(C(F)(F)F)CCCCC2)N=N1,CC(=O)NCC1(C(F)(F)F)CCCCC1,1,1,2.635300000000001,5,1,2,0,0,0,31.841688000000005
C142,C#CCCC1(CCNC(=O)c2ccnc(OC3CCOC3)c2)N=N1,CNC(=O)c1ccnc(OC2CCOC2)c1,1,4,0.6089,5,2,3,6,0,0,33.301102
C143,C#CCCC1(CCNC(=O)C2C3Cc4c(Cl)cccc4C32)N=N1,CNC(=O)C1C2Cc3c(Cl)cccc3C21,1,1,1.9716999999999998,3,3,1,6,0,0,33.20351600000001
C144,C#CCCC1(CCNC(=O)c2ncsc2S(N)(=O)=O)N=N1,CNC(=O)c1ncsc1S(N)(=O)=O,2,5,-0.8498999999999999,8,1,2,5,0,0,24.973551
C145,C#CCCC1(CCC(=O)Nc2cc(-n3ccnn3)ccc2F)N=N1,CC(=O)Nc1cc(-n2ccnn2)ccc1F,1,4,1.3647999999999998,6,2,2,11,0,0,29.360137
C146,C#CCCC1(CCC(=O)N2CCO[C@@H]3CS(=O)(=O)C[C@@H]32)N=N1,CC(=O)N1CCO[C@@H]2CS(=O)(=O)C[C@@H]21,0,4,-0.9692999999999989,6,2,0,0,0,0,29.956309
C147,C#CCCC1(CCNC(=O)C2CCCc3cc(C#N)ccc32)N=N1,CNC(=O)C1CCCc2cc(C#N)ccc21,1,2,1.72418,3,2,1,6,0,0,35.217102000000004
C148,C#CCCC1(CCNC(=O)C23CC(CO)(C2)OC32COC2)N=N1,CNC(=O)C12CC(CO)(C1)OC21COC1,2,4,-0.9570999999999996,5,4,2,0,0,0,31.909895
C149,C#CCCC1(CCNC(=O)CCC2CC(C)N(C)C2C)N=N1,CNC(=O)CCC1CC(C)N(C)C1C,1,2,1.2413,3,1,3,0,0,1,37.031446
C150,C#CCCC1(CCNC(=O)C(c2cncn2C)N(C)C)N=N1,CC(=O)NC(CC(C)C)c1nc[nH]n1,2,3,1.0279999999999998,5,1,4,5,0,0,31.710688000000005
C151,C#CCCC1(CCC(=O)NCC(O)c2cncs2)N=N1,CC(=O)NCC(O)c1cncs1,2,4,0.3126,5,1,3,5,0,0,25.69193
C152,C#CCCC1(CCNC(=O)C2CN(CC(F)F)C2)N=N1,CNC(=O)C1CN(CC(F)F)C1,1,2,-0.07070000000000021,5,1,3,0,0,1,24.437515999999995
C153,C#CCCC1(CCC(=O)N2Cc3sccc3CC2(C)C)N=N1,CC(=O)N1Cc2sccc2CC1(C)C,0,2,2.431300000000001,3,2,0,5,0,0,34.163895000000004
C154,C#CCCC1(CCC(=O)NCc2nnc(C3CC3)n2C2CC2)N=N1,CC(=O)NCc1nnc(C2CC2)n1C1CC1,1,4,1.1264999999999996,5,3,4,5,0,0,35.230688
C156,C#CCCC1(CCC(=O)N[C@@H]2CC=CC[C@H]2C(F)(F)F)N=N1,CC(=O)N(C)C12CC(C(F)(F)F)(C1)C2,0,1,1.9497000000000002,5,3,1,0,0,0,27.414516
C157,C#CCCC1(CCC(=O)NCC2CCc3nnc(C(F)F)n3C2)N=N1,CC(=O)NCC1CCc2nnc(C(F)F)n2C1,1,4,0.9141999999999999,7,2,3,5,0,0,33.251102
C158,C#CCCC1(CCNC(=O)c2cc3c(C(F)(F)F)cc(=O)[nH]c3o2)N=N1,CNC(=O)c1cc2c(C(F)(F)F)cc(=O)[nH]c2o1,2,3,1.4994999999999998,8,2,1,10,0,0,28.544551
C159,C#CCCC1(CCC(=O)Nc2ccccc2Oc2cccc(C#N)c2)N=N1,CC(=O)Nc1ccccc1Oc1cccc(C#N)c1,1,3,3.308980000000001,4,2,3,12,0,0,38.205516
C160,C#CCCC1(CCC(=O)NC2(C(O)c3ccc(F)cc3)CCCC2)N=N1,CC(=O)NC1CCC(O)(c2cccc(F)c2)CC1,2,2,2.0920000000000005,4,2,2,6,0,0,39.90327400000001
C161,C#CCCC1(CCNC(=O)CCc2nc3cc(Cl)ccc3s2)N=N1,CNC(=O)CCc1nc2cc(Cl)ccc2s1,1,3,2.628300000000001,5,2,3,10,0,0,34.776723000000004
C162,C#CCCC1(CCC(=O)NC[C@H]2OCC(=O)N(CC)[C@@H]2c2nccn2C)N=N1,CCN1C(=O)CO[C@H](CNC(C)=O)[C@H]1c1nccn1C,1,5,-0.15539999999999976,7,2,4,5,0,0,43.02186000000001
C163,C#CCCC1(CCC(=O)N(C)C23CC(C(F)(F)F)(C2)C3)N=N1,CC(=O)N[C@@H]1CC=CC[C@H]1C(F)(F)F,1,1,2.0196000000000005,5,1,1,0,0,0,27.414515999999995
C164,C#CCCC1(CCC(=O)N2CCCC2CN2CCC(C)CC2)N=N1,CC(=O)N1CCCC1CN1CCC(C)CC1,0,2,1.7291999999999996,3,2,2,0,0,1,41.885032
C165,C#CCCC1(CCC(=O)N2Cc3cnn(-c4ccccc4)c3C2)N=N1,CC(=O)N1Cc2cnn(-c3ccccc3)c2C1,0,3,1.7344000000000002,4,3,1,11,0,0,35.650309
C166,C#CCCC1(CCNC(=O)c2ccc(-n3cnc4ccccc4c3=O)cc2)N=N1,CNC(=O)c1ccc(-n2cnc3ccccc3c2=O)cc1,1,4,1.7452999999999999,5,3,2,17,0,0,41.732309
C167,C#CCCC1(CCC(=O)NCc2ccc(N(C)C(=O)c3ccncc3)cc2)N=N1,CC(=O)NCc1ccc(N(C)C(=O)c2ccncc2)cc1,1,3,1.9943,5,2,4,12,0,0,44.39948100000001
C168,C#CCCC1(CCC(=O)N[C@@H]2COC[C@@H]2Oc2cn[nH]c2)N=N1,CC(=O)N[C@@H]1COC[C@@H]1Oc1cn[nH]c1,2,4,-0.308,6,2,3,5,0,0,30.214309
C169,C#CCCC1(CCNC(=O)CCc2c[nH]c3cccc(C)c23)N=N1,CNC(=O)CCc1c[nH]c2cccc(C)c12,2,1,2.1549199999999997,3,2,3,10,0,0,36.550688
C170,C#CCCC1(CCC(=O)N2CCc3c(CN4CCCC4)cccc32)N=N1,CC(=O)N1CC2CN(C)C(c3ccccc3)C2C1,0,2,1.7676,3,3,1,6,0,1,42.73786000000001
C171,C#CCCC1(CCC(=O)NC2CN(CC)CC2(C)C)N=N1,CCN1[C@@H](C)CN(C(C)=O)C[C@H]1C,0,2,0.9474,3,1,1,0,0,1,33.93786
C172,C#CCCC1(CCC(=O)N[C@H]2C[C@H](c3cc(F)cc(F)c3)C2)N=N1,CC(=O)N[C@H]1C[C@H](c2cc(F)cc(F)c2)C1,1,1,2.3469000000000007,4,2,2,6,0,0,32.804309
C173,C#CCCC1(CCNC(=O)Cn2nnnc2-c2ccsc2)N=N1,CNC(=O)Cn1nnnc1-c1ccsc1,1,6,0.14759999999999956,7,2,3,10,2,0,29.283137
C174,C#CCCC1(CCC(=O)Nc2cnc3c(c2)OCC(=O)N3)N=N1,CC(=O)Nc1cnc2c(c1)OCC(=O)N2,2,4,0.3708999999999998,6,2,1,6,0,0,27.547137000000003
C176,C#CCCC1(CCNC(=O)c2cncc(COC)c2)N=N1,CNC(=O)c1cncc(COC)c1,1,3,0.5876000000000001,4,1,3,6,0,0,27.645515999999997
C177,C#CCCC1(CCNC(=O)c2sc(CC(F)(F)F)nc2C)N=N1,CNC(=O)c1sc(CC(F)(F)F)nc1C,1,3,1.91592,7,1,2,5,0,0,27.654137000000002
C178,C#CCCC1(CCC(=O)N(CC)c2cc(C)ccc2OC)N=N1,CC(=O)NCCOc1c(C)cccc1C,1,2,1.81834,3,1,4,6,0,0,35.159481
C179,C#CCCC1(CCC(=O)N2C3CCCC2CC2(C3)NC(=O)NC2=O)N=N1,CC(=O)N1C2CCCC1CC1(C2)NC(=O)NC1=O,2,3,0.12800000000000067,6,3,0,0,0,0,38.161480999999995
C180,C#CCCC1(CCC(=O)NCC2CC3(CC3)S(=O)(=O)N2)N=N1,CC(=O)NCC1CC2(CC2)S(=O)(=O)N1,2,3,-0.6531999999999993,6,2,2,0,0,0,30.921101999999998
C182,C#CCCC1(CCC(=O)NC2(CN3CCN(c4ncccn4)CC3)CC2)N=N1,CC(=O)NC1(CN2CCN(c3ncccn3)CC2)CC1,1,5,0.2673000000000003,6,3,4,6,0,1,44.94465300000002
C183,C#CCCC1(CCC(=O)NC(C)c2nnc(-c3ccccc3F)s2)N=N1,CC(=O)NC(C)c1nnc(-c2ccccc2F)s1,1,4,2.5413000000000006,6,2,3,11,0,0,36.680516000000004
C184,C#CCCC1(CCC(=O)NC(CN(C)C)c2ccco2)N=N1,CNC(=O)C1CCC2CC(=O)NC2C1,2,2,0.037199999999999955,4,2,1,0,0,0,32.072688
C185,C#CCCC1(CCNC(=O)CC2CS(=O)(=O)c3ccccc3O2)N=N1,CNC(=O)CC1CS(=O)(=O)c2ccccc2O1,1,4,0.3573999999999997,6,2,2,6,0,0,35.23630899999999
C186,C#CCCC1(CCC(=O)N2CCC(N3CCN(c4ccccc4Cl)CC3)CC2)N=N1,CC(=O)N1CCC(N2CCN(c3ccccc3Cl)CC2)CC1,0,3,2.4729,5,3,2,6,0,1,52.20503200000002
C187,C#CCCC1(CCNC(=O)c2cnc(Oc3ccccc3)cn2)N=N1,CNC(=O)c1cnc(Oc2ccccc2)cn1,1,4,1.6284999999999998,5,2,3,12,0,0,33.358723000000005
C189,C#CCCC1(CCC(=O)N2Cc3c[nH]nc3C(c3n[nH]c(CC)n3)C2)N=N1,CCc1nc(C2CN(C(C)=O)Cc3c[nH]nc32)n[nH]1,2,4,0.5841999999999999,7,3,2,10,0,0,39.190688
C190,C#CCCC1(CCNC(=O)C2CCC3CC(=O)NC3C2)N=N1,CC(=O)NCc1oc(C(C)C)nc1C,1,3,1.7425199999999998,4,1,3,5,0,0,32.072688
C191,C#CCCC1(CCC(=O)N2CC(C#N)C3(C2)C(=O)Nc2ccccc23)N=N1,CC(=O)N1CC(C#N)C2(C1)C(=O)Nc1ccccc12,1,3,0.8783799999999995,5,3,0,6,0,0,38.212309
C193,C#CCCC1(CCC(=O)NC(c2ccccn2)c2ccccc2OC)N=N1,COc1ccccc1C(NC(C)=O)c1ccccn1,1,3,2.3157000000000005,4,2,4,12,0,0,40.87268800000002
C194,C#CCCC1(CCNC(=O)C2(Cc3ccc(F)cc3)CCCO2)N=N1,CNC(=O)C1(Cc2ccc(F)cc2)CCCO1,1,2,1.6633999999999998,4,2,3,6,0,0,36.809688
C195,C#CCCC1(CCC(=O)N2C[C@H]3CCO[C@H]3CC(C)(C)C2)N=N1,CC(=O)NC(C(C)C)C1(CO)CC=CC1,2,2,1.4758,3,1,4,0,0,0,37.82665300000001
C196,C#CCCC1(CCC(=O)NC(C(N)=O)c2ccc3ccccc3c2)N=N1,CC(=O)Nc1cccnc1OCc1ccccc1,1,3,2.6190000000000007,4,2,4,12,0,0,37.77910200000001
C197,C#CCCC1(CCC(=O)N2CC3CN(C)C(c4ccccc4)C3C2)N=N1,CC(=O)N1CCc2c(CN3CCCC3)cccc21,0,2,2.1914,3,3,2,6,0,1,42.73786000000002
C198,C#CCCC1(CCC(=O)Nc2cc(F)ccc2OCc2cnn(C)c2)N=N1,CC(=O)Nc1cc(F)ccc1OCc1cnn(C)c1,1,4,2.0965999999999996,6,2,4,11,0,0,37.676102
C199,C#CCCC1(CCNC(=O)c2cc(CNS(C)(=O)=O)oc2C)N=N1,CNC(=O)c1cc(CNS(C)(=O)=O)oc1C,2,4,-0.0031799999999999606,7,1,4,5,0,0,33.483101999999995
C200,C#CCCC1(CCC(=O)NC2CCc3c(nc(C)n3CCO)C2)N=N1,COC[C@@H]1CN(C(C)=O)C[C@H]1c1cnn(C)c1,0,4,0.6283999999999994,5,2,3,5,0,0,38.693067
C201,C#CCCC1(CCNC(=O)COc2ccc3c(c2)CCCC3)N=N1,CC(=O)NCc1ccc2c(c1)C(C)C(C)O2,1,2,2.2070999999999996,3,2,2,6,0,0,36.919481
C203,C#CCCC1(CCC(=O)NC2CCN(c3ccc4nncn4n3)C2)N=N1,CC(=O)NC1CCN(c2ccc3nncn3n2)C1,1,6,-0.1609000000000005,7,3,2,10,0,0,36.09710200000001
C204,C#CCCC1(CCC(=O)N[C@H]2C[C@H](C)S(=O)(=O)c3sccc32)N=N1,CC(=O)N[C@H]1C[C@H](C)S(=O)(=O)c2sccc21,1,4,1.4912,6,2,1,5,0,0,35.57430899999999
C205,C#CCCC1(CCNC(=O)c2c(C(F)(F)F)nc3n2CCCC3)N=N1,CNC(=O)c1c(C(F)(F)F)nc2n1CCCC2,1,3,1.5977999999999999,7,2,1,5,0,0,31.374516000000007
C206,C#CCCC1(CCC(=O)N2CCOCC2c2nc(-c3cccs3)no2)N=N1,CC(=O)N1CCOCC1c1nc(-c2cccs2)no1,0,6,1.7179,7,3,2,10,0,0,38.394309
C207,C#CCCC1(CCC(=O)Nc2ccc3c(c2)CN(c2ccccc2)C3)N=N1,CC(=O)Nc1ccc2c(c1)CN(c1ccccc1)C2,1,2,3.1652000000000013,3,3,2,12,0,0,41.83068800000001
C208,C#CCCC1(CCC(=O)N2CC(N3CCCC3)CC2C(C)C)N=N1,CC(=O)N1CC(N2CCCC2)CC1C(C)C,0,2,1.7275999999999998,3,2,2,0,0,1,41.88503200000001
C210,C#CCCC1(CCNC(=O)c2cc(-c3c[nH]c4ccccc34)[nH]n2)N=N1,CNC(=O)c1cc(-c2c[nH]c3ccccc23)[nH]n1,3,2,1.9175999999999997,5,3,2,15,0,0,36.083516
C211,C#CCCC1(CCC(=O)N2CCC3(CN(Cc4ccccc4)CC(C)O3)C2)N=N1,CC(=O)N1CCC2(CN(Cc3ccccc3)CC(C)O2)C1,0,3,1.8983,4,3,2,6,0,1,49.727032000000015
C212,C#CCCC1(CCNC(=O)c2cnc3n2C(C)CCC3)N=N1,CNC(=O)c1cnc2n1C(C)CCC2,1,3,1.1400000000000001,4,2,1,5,0,0,31.703895000000003
C213,C#CCCC1(CCC(=O)N2CCOC(c3c(Cl)cccc3OC)C2)N=N1,COc1cccc(Cl)c1C1CN(C(C)=O)CCO1,0,3,2.2684000000000006,5,2,2,6,0,0,39.23468800000001
C214,C#CCCC1(CCC(=O)NC(C(=O)Nc2cc[nH]n2)c2ccccc2)N=N1,CC(=O)NC(C(=O)Nc1cc[nH]n1)c1ccccc1,3,3,1.2255999999999996,6,2,4,11,0,0,38.21910200000001
C215,C#CCCC1(CCNC(=O)c2ccc(C3(OC)COC3)cc2)N=N1,CNC(=O)C(C)Cc1ccc2c(c1)OCO2,1,3,1.3399,4,2,3,6,0,0,34.627895
C216,C#CCCC1(CCNC(=O)c2ccc(C)c(C)c2-n2cnnn2)N=N1,CNC(=O)c1ccc(C)c(C)c1-n1cnnn1,1,5,0.6387399999999999,6,2,2,11,2,0,34.33030900000001
C217,C#CCCC1(CCNC(=O)C2(c3cccnc3)CC(F)(F)C2)N=N1,CNC(=O)C1(c2cccnc2)CC(F)(F)C1,1,2,1.4945,5,2,2,6,0,0,31.477516
C218,C#CCCC1(CCC(=O)Nc2ccc(Cl)c(-n3nnnc3C3CC3)c2)N=N1,CC(=O)Nc1ccc(Cl)c(-n2nnnc2C2CC2)c1,1,5,2.1514999999999995,7,3,3,11,2,0,37.60351600000001
C219,C#CCCC1(CCC(=O)NCC2CCC3C(CC2)C3(F)F)N=N1,CC(=O)N1CCCC2CCC(F)(F)CC21,0,1,2.4327000000000005,4,2,0,0,0,0,33.71148099999999
C220,C#CCCC1(CCC(=O)N2CCC(c3ccc(F)c(F)c3)C2C)N=N1,CC(=O)N1CCC(c2ccc(F)c(F)c2)C1C,0,1,2.6891000000000007,4,2,1,6,0,0,35.897895000000005
C221,C#CCCC1(CCNC(=O)C2CN3CCCN2CC3)N=N1,CNC(=O)C1CN2CCCN1CC2,1,3,-0.8776999999999986,4,3,1,0,0,2,31.27748100000001
C222,C#CCCC1(CCNC(=O)C2C3CCC2(c2cncs2)C3)N=N1,CNC(=O)C1C2CCC1(c1cncs1)C2,1,3,1.5567999999999997,4,4,2,5,0,0,34.59710200000001
C223,C#CCCC1(CCC(=O)NCC2CCCN(C)C2c2ccc(OC)cc2)N=N1,COc1ccc(C2C(CNC(C)=O)CCCN2C)cc1,1,3,2.2142,4,2,4,6,0,1,47.967032
C225,C#CCCC1(CCC(=O)NCCOc2c(C)cccc2C)N=N1,CCN(C(C)=O)c1cc(C)ccc1OC,0,2,2.3764200000000004,3,1,3,6,0,0,35.159481
C226,C#CCCC1(CCC(=O)NC(Cc2ccccn2)C2COc3ccccc3O2)N=N1,CC(=O)NC(Cc1ccccn1)C1COc2ccccc2O1,1,4,1.9687999999999997,5,3,4,12,0,0,46.52827400000001
C227,C#CCCC1(CCC(=O)N2C[C@@H]3CCCS(=O)(=O)[C@@H]3C2)N=N1,CC(=O)N1C[C@@H]2CCCS(=O)(=O)[C@@H]2C1,0,3,0.04190000000000005,5,2,0,0,0,0,32.247895
C228,C#CCCC1(CCC(=O)N2C[C@@H](O)[C@H](Oc3cccc4c3CCC4)C2)N=N1,CC(=O)N1C[C@@H](O)[C@H](Oc2cccc3c2CCC3)C1,1,3,1.1456999999999997,4,3,2,6,0,0,42.57506700000001
C229,C#CCCC1(CCNC(=O)C2COc3ccc(OC)cc3C2)N=N1,CNC(=O)C1COc2ccc(OC)cc2C1,1,3,0.9922999999999995,4,2,2,6,0,0,34.627895
C230,C#CCCC1(CCC(=O)NCCOC2CCS(=O)(=O)CC2)N=N1,CC(=O)NCCOC1CCS(=O)(=O)CC1,1,4,-0.28369999999999984,6,1,4,0,0,0,34.383481
C231,C#CCCC1(CCC(=O)NCC(C)(O)C2CCC(C(C)C)CC2)N=N1,CC(=O)NCC(C)(O)C1CCC(C(C)C)CC1,2,2,2.3359000000000005,3,1,4,0,0,0,45.34741100000001
C232,C#CCCC1(CCNC(=O)c2cnc3sc(Cc4ccccc4)cn3c2=O)N=N1,CNC(=O)c1cnc2sc(Cc3ccccc3)cn2c1=O,1,5,1.7064,6,3,3,16,0,0,42.87230900000001
C233,C#CCCC1(CCC(=O)NCc2ccc3c(c2)C(C)C(C)O3)N=N1,CNC(=O)COc1ccc2c(c1)CCCC2,1,2,1.6901999999999997,3,2,3,6,0,0,36.91948100000001
C234,C#CCCC1(CCNC(=O)C2CC(C)Cc3cn[nH]c32)N=N1,CNC(=O)C1CC(C)Cc2cn[nH]c21,2,2,0.8215999999999999,4,2,1,5,0,0,31.703895000000006
C235,C#CCCC1(CCC(=O)Nc2ccc3oc(C(F)(F)F)cc(=O)c3c2)N=N1,CC(=O)Nc1ccc2oc(C(F)(F)F)cc(=O)c2c1,1,3,2.770200000000001,7,2,1,11,0,0,31.631344000000002
C236,C#CCCC1(CCC(=O)N2CCCC(c3n[nH]cc3NS(C)(=O)=O)C2)N=N1,CC(=O)N1CCCC(c2n[nH]cc2NS(C)(=O)=O)C1,2,4,0.5071,8,2,3,5,0,0,41.068274
C237,C#CCCC1(CCC(=O)N2C[C@@H](C)N(CC)[C@@H](C)C2)N=N1,CCN1CC(NC(C)=O)C(C)(C)C1,1,2,0.8527999999999996,3,1,2,0,0,1,33.93786
C238,C#CCCC1(CCC(=O)NC(Cn2cnc3ccccc32)c2ccc(F)cc2)N=N1,CC(=O)NC(Cn1cnc2ccccc21)c1ccc(F)cc1,1,3,3.0528000000000013,5,3,4,16,0,0,45.24768800000001
C239,C#CCCC1(CCC(=O)Nc2cccc3c2oc(=O)n3C)N=N1,CC(=O)Nc1cccc2c1oc(=O)n2C,1,4,1.0898999999999996,5,2,1,10,0,0,28.873930000000005
C240,C#CCCC1(CCC(=O)NCCc2cc(C(F)(F)F)co2)N=N1,CC(=O)NCCc1cc(C(F)(F)F)co1,1,2,1.977,6,1,3,5,0,0,26.882929999999998
C241,C#CCCC1(CCC(=O)NC23CC(N4CCCCC4=O)(C2)C3)N=N1,CC(=O)NC12CC(N3CCCCC3=O)(C1)C2,1,2,0.8100999999999996,4,4,2,0,0,0,36.92627400000001
C242,C#CCCC1(CCC(=O)N2CCn3cc(C(F)(F)F)nc3C2C)N=N1,CC(=O)N1CCn2cc(C(F)(F)F)nc2C1C,0,3,1.8250000000000002,7,2,0,5,0,0,31.374516000000003
C243,C#CCCC1(CCC(=O)NC2(c3nc4cc(Cl)ccc4o3)CCC2)N=N1,CC(=O)NC1(c2nc3cc(Cl)ccc3o2)CCC1,1,3,2.996500000000001,5,3,2,10,0,0,37.532309000000005
C244,C#CCCC1(CCNC(=O)C2=NN(c3ccc(F)cc3)C(C(N)=O)C2)N=N1,CNC(=O)C1=NN(c2ccc(F)cc2)C(C(N)=O)C1,2,4,-0.008300000000000085,7,2,3,6,0,0,36.349309000000005
C245,C#CCCC1(CCC(=O)NC2CCc3cccc4cccc2c34)N=N1,CC(=O)NC1CCc2cccc3cccc1c23,1,1,2.9632000000000014,2,3,1,11,0,0,38.303895
C246,C#CCCC1(CCC(=O)NC2C3Cc4cc(Cl)ccc4C32)N=N1,CC(=O)NC1C2Cc3cc(Cl)ccc3C21,1,1,2.1142,3,3,1,6,0,0,33.20351600000001
C247,C#CCCC1(CCC(=O)NC2CC(=O)N(CC(F)(F)F)C2)N=N1,CC(=O)NC1CC(=O)N(CC(F)(F)F)C1,1,2,0.28570000000000007,7,1,2,0,0,0,26.889723000000004
C248,C#CCCC1(CCC(=O)NCC2(O)CC(OCC)C2(C)C)N=N1,CCOC1CC(O)(CNC(C)=O)C1(C)C,2,3,0.6885999999999994,4,1,4,0,0,0,36.868653
C249,C#CCCC1(CCNC(=O)c2cc(F)cc3nc(C)c(C)nc23)N=N1,CNC(=O)c1cc(F)cc2nc(C)c(C)nc12,1,3,1.74534,5,2,1,11,0,0,33.780516000000006
C250,C#CCCC1(CCC(=O)NCC2(CO)COCC3COCCN32)N=N1,CC(=O)NCC1(CO)COCC2COCCN21,2,5,-1.4153999999999975,6,2,3,0,0,1,38.103860000000005
C251,C#CCCC1(CCNC(=O)CC2=NN(c3cccc(Cl)c3)C(=O)C2)N=N1,CNC(=O)CC1=NN(c2cccc(Cl)c2)C(=O)C1,1,3,1.5688,6,2,3,6,0,0,36.205516
C252,C#CCCC1(CCC(=O)Nc2nnc3n(Cc4cccc(OC)c4)[nH]c(C)c2-3)N=N1,COc1cccc(Cn2[nH]c(C)c3c(NC(C)=O)nnc2-3)c1,2,5,2.0347199999999996,7,3,4,14,0,0,44.839481000000006
C253,C#CCCC1(CCC(=O)NCCS(=O)(=O)N2CCOCC2)N=N1,CC(=O)NCCS(=O)(=O)N1CCOCC1,1,4,-1.2154999999999985,7,1,4,0,0,0,33.05668800000001
C254,C#CCCC1(CCC(=O)N2CC3(CC(S(C)(=O)=O)C3)C2)N=N1,CC(=O)N1CC2(CC(S(C)(=O)=O)C2)C1,0,3,0.04190000000000027,5,2,1,0,0,0,32.247895
C255,C#CCCC1(CCC(=O)NC(C)c2c(OC)nsc2OC)N=N1,COc1nsc(OC)c1C(C)NC(C)=O,1,5,1.3574,6,1,4,5,0,0,32.681102
C256,C#CCCC1(CCNC(=O)C2C3CCN(CC3)S2(=O)=O)N=N1,CNC(=O)C12CCN(CC1)S(=O)(=O)C2,1,3,-0.8419999999999992,6,3,1,0,0,0,30.921102000000005
C257,C#CCCC1(CCC(=O)Nc2ccccc2-n2ccc(C(N)=O)n2)N=N1,CC(=O)Nc1ccccc1-n1ccc(C(N)=O)n1,2,4,0.9295999999999998,6,2,3,11,0,0,35.125516000000005
C258,C#CCCC1(CCC(=O)Nc2ccc(C(F)F)nc2)N=N1,CC(=O)Nc1ccc(C(F)F)nc1,1,2,1.9775999999999998,5,1,2,6,0,0,23.530344
C259,C#CCCC1(CCC(=O)NCCN2CCS(=O)CC2)N=N1,CC(=O)NCCN1CC[S+]([O-])CC1,1,3,-0.8131999999999988,5,1,3,0,0,1,31.452688000000002
C260,C#CCCC1(CCNC(=O)CS(=O)(=O)c2ccccc2Cl)N=N1,CNC(=O)CS(=O)(=O)c1ccccc1Cl,1,3,0.8596999999999997,6,1,3,6,0,0,31.09393
C261,C#CCCC1(CCC(=O)NCC(c2c(F)cccc2F)N(C)C)N=N1,CC(=O)NCC(c1c(F)cccc1F)N(C)C,1,2,1.7036,5,1,4,6,0,1,35.904688
C262,C#CCCC1(CCNC(=O)c2cc(NC(=O)C(C)C)c(F)cc2F)N=N1,CNC(=O)c1cc(NC(=O)C(C)C)c(F)cc1F,2,2,1.9188999999999996,6,1,3,6,0,0,35.373101999999996
C264,C#CCCC1(CCC(=O)Nc2cccnc2OCc2ccccc2)N=N1,CC(=O)NC(C(N)=O)c1ccc2ccccc2c1,2,2,1.5022999999999997,4,2,3,11,0,0,37.779101999999995
C265,C#CCCC1(CCC(=O)N2CCCN(S(=O)(=O)c3ccc(Cl)s3)CC2)N=N1,CC(=O)N1CCCN(S(=O)(=O)c2ccc(Cl)s2)CC1,0,4,1.6443999999999999,8,2,2,5,0,0,41.947895
C266,C#CCCC1(CCNC(=O)c2ccc3cnc(C4CC4)n3c2C)N=N1,CNC(=O)c1ccc2cnc(C3CC3)n2c1C,1,3,1.87972,4,3,2,10,0,0,36.983895000000004
C268,C#CCCC1(CCC(=O)N2C[C@@H]3CS(=O)(=O)C[C@@]3(C#N)C2)N=N1,CC(=O)N1C[C@@H]2CS(=O)(=O)C[C@@]2(C#N)C1,0,4,-0.5969199999999995,6,2,0,0,0,0,31.347516000000006
C269,C#CCCC1(CCNC(=O)c2sc(-c3nnc[nH]3)nc2C(C)C)N=N1,CNC(=O)c1sc(-c2nnc[nH]2)nc1C(C)C,2,5,1.4111999999999998,7,2,3,10,0,0,35.47030900000001
C270,C#CCCC1(CCC(=O)N2CCc3nc(CCC(C)(C)C)ncc3C2)N=N1,CC(=O)N1CCc2nc(CCC(C)(C)C)ncc2C1,0,3,2.3599000000000006,4,2,2,6,0,0,45.83823900000001
C271,C#CCCC1(CCC(=O)Nc2cc(C3CC3)nn2C2CCS(=O)(=O)C2)N=N1,CC(=O)Nc1cc(C2CC2)nn1C1CCS(=O)(=O)C1,1,5,1.0784999999999998,7,3,3,5,0,0,41.06148100000001
C272,C#CCCC1(CCNC(=O)c2ccccc2NC(=O)CC#N)N=N1,CNC(=O)c1ccccc1NC(=O)CC#N,2,3,0.89838,5,1,3,6,0,0,31.598723000000003
C273,C#CCCC1(CCNC(=O)[C@H]2C[C@H]2c2nc(C(F)(F)F)no2)N=N1,CNC(=O)[C@@H]1C[C@@H]1c1nc(C(F)(F)F)no1,1,4,0.9379000000000002,8,2,2,5,0,0,25.989344000000003
C274,C#CCCC1(CCNC(=O)c2cc(=O)[nH]c3nn(CC)c(C4CC4)c23)N=N1,CCn1nc2[nH]c(=O)cc(C(=O)NC)c2c1C1CC1,2,4,0.9815000000000002,6,3,3,10,0,0,39.552688
C275,C#CCCC1(CCC(=O)NCCN2c3ccccc3NS2(=O)=O)N=N1,CC(=O)NCCN1c2ccccc2NS1(=O)=O,2,3,0.2993999999999997,7,2,3,6,0,0,34.874309000000004
C276,C#CCCC1(CCC(=O)NCC2CCCN(CC#N)C2)N=N1,CC(=O)NCC1CCCN(CC#N)C1,1,3,0.35807999999999995,4,1,3,0,0,1,33.03748100000001
C277,C#CCCC1(CCC(=O)N2CCC34CCC(CC23)C4(C)C)N=N1,CC(=O)N1CCC23CCC(CC12)C3(C)C,0,1,2.4335000000000004,2,3,0,0,0,0,38.784653
C278,C#CCCC1(CCC(=O)Nc2ccc3c(c2)C=CC2(CCC2)O3)N=N1,CC(=O)Nc1ccc2c(c1)C=CC1(CCC1)O2,1,2,2.973300000000001,3,3,1,6,0,0,37.345895000000006
C279,C#CCCC1(CCC(=O)N2CCC3(CC2)CC(O)c2nn(C)cc2O3)N=N1,CC(=O)N1CCC2(CC1)CC(O)c1nn(C)cc1O2,1,5,0.6170999999999998,6,3,0,5,0,0,41.255067
C280,C#CCCC1(CCC(=O)N(C)Cc2cnc(-n3cccn3)s2)N=N1,CC(=O)N(C)Cc1cnc(-n2cccn2)s1,0,5,1.3071000000000002,6,2,3,10,0,0,33.70351600000001
C281,C#CCCC1(CCNC(=O)C2CN3CC4CC3(CO2)C4)N=N1,CC(=O)NC(CN(C)C)c1ccco1,1,3,1.0183999999999995,4,1,4,5,0,1,32.072688
C282,C#CCCC1(CCC(=O)NCc2cc(Oc3ccc(F)cc3)ccn2)N=N1,CC(=O)NCc1cc(Oc2ccc(F)cc2)ccn1,1,3,2.6491000000000007,5,2,4,12,0,0,37.669309000000005
C283,C#CCCC1(CCC(=O)NCc2nn[nH]c2-c2ccnn2C)N=N1,CC(=O)NCc1nn[nH]c1-c1ccnn1C,2,5,-0.1587000000000005,7,2,3,10,0,0,31.243516000000007
C284,C#CCCC1(CCNC(=O)c2c(-c3ccccc3)nc3sccn23)N=N1,CNC(=O)c1c(-c2ccccc2)nc2sccn12,1,4,2.4224000000000006,5,3,2,15,0,0,37.21672300000001
C285,C#CCCC1(CCC(=O)NC2C(=O)Nc3ccc(C(C)C)cc32)N=N1,CC(=O)N1CCC2(CC1)OCc1ccncc12,0,3,1.4494,4,3,0,6,0,0,37.35268799999999
C286,C#CCCC1(CCC(=O)N2CCC(C(O)c3cccc(OC)c3)CC2)N=N1,COc1cccc(C(O)C2CCN(C(C)=O)CC2)c1,1,3,1.9870999999999999,4,2,3,6,0,0,43.908653
C287,C#CCCC1(CCC(=O)Nc2cccc3oc(C(F)(F)F)nc23)N=N1,CC(=O)Nc1cccc2oc(C(F)(F)F)nc12,1,3,2.8050000000000006,7,2,1,10,0,0,27.742551000000002
C288,C#CCCC1(CCNC(=O)C2C3CC2(c2ccccc2C)CO3)N=N1,CNC(=O)C1C2CC1(c1ccccc1C)CO2,1,2,1.3975199999999994,3,4,2,6,0,0,38.679481
C289,C#CCCC1(CCC(=O)Nc2cc(CCc3ccccc3C)n[nH]2)N=N1,CC(=O)Nc1cc(CCc2ccccc2C)n[nH]1,2,2,2.4617199999999997,4,2,4,11,0,0,40.077481000000006
C290,C#CCCC1(CCC(=O)NCc2cc(Cl)cc(S(=O)(=O)CC)c2)N=N1,CCS(=O)(=O)c1cc(Cl)cc(CNC(C)=O)c1,1,3,1.7697,6,1,4,6,0,0,37.281102000000004
C291,C#CCCC1(CCC(=O)NC2(CCO)CS(=O)(=O)C2)N=N1,CC(=O)NC1(CCO)CS(=O)(=O)C1,2,4,-1.3278999999999992,6,1,3,0,0,0,28.196309
C292,C#CCCC1(CCC(=O)NCc2cccc(N3C(=O)NC4(CCCC4)C3=O)c2)N=N1,CC(=O)NCc1cccc(N2C(=O)NC3(CCCC3)C2=O)c1,2,3,1.6917,6,3,3,6,0,0,46.53506700000001
C293,C#CCCC1(CCC(=O)N2CCCn3c(cc4ccccc43)C2)N=N1,CC(=O)N1CCCC1C(C#N)c1ccccc1,0,2,2.3046800000000003,3,2,2,6,0,0,38.31068800000001
C294,C#CCCC1(CCC(=O)Nc2cc(C(=O)N3CCN(C)CC3)ccc2OC)N=N1,COc1ccc(C(=O)N2CCN(C)CC2)cc1NC(C)=O,1,4,1.0412,6,2,3,6,0,1,46.108653000000004
C295,C#CCCC1(CCC(=O)N2CCP(=O)(c3ccccc3)CC2)N=N1,CC(=O)N1CCP(=O)(c2ccccc2)CC1,0,2,1.5371000000000001,4,2,1,6,0,0,38.122688000000004
C296,C#CCCC1(CCNC(=O)c2cc(C)n3ncc(C(C)C)c3n2)N=N1,CNC(=O)c1cc(C)n2ncc(C(C)C)c2n1,1,4,1.5207199999999996,5,2,2,10,0,0,36.990688
C297,C#CCCC1(CCNC(=O)c2cccn2Cc2cccnc2)N=N1,CNC(=O)c1cccn1Cc1cccnc1,1,3,1.291,4,2,3,11,0,0,33.890309
C298,C#CCCC1(CCC(=O)NC2CCS(=O)(=O)C3(C2)CC(C(N)=O)C3)N=N1,CC(=O)NC1CCS(=O)(=O)C2(C1)CC(C(N)=O)C2,2,4,-0.666199999999999,7,2,2,0,0,0,39.670274
C299,C#CCCC1(CCNC(=O)Cc2nc(C(C)C)c(C)s2)N=N1,CNC(=O)Cc1nc(C(C)C)c(C)s1,1,3,1.8634199999999996,4,1,3,5,0,0,34.170688000000006
C300,C#CCCC1(CCNC(=O)Cc2c(Cl)c(CC)nn2C)N=N1,CCc1nn(C)c(CC(=O)NC)c1Cl,1,3,0.9243999999999999,5,1,3,5,0,0,31.457102000000006
C301,C#CCCC1(CCC(=O)NC(c2ccn[nH]2)C(F)(F)F)N=N1,CC(=O)NC(c1ccn[nH]1)C(F)(F)F,2,2,1.1492,7,1,2,5,0,0,23.427343999999998
C302,C#CCCC1(CCC(=O)N2CCc3nnc(N4C[C@H]5CN(C)C[C@H]5C4)cc3C2)N=N1,CC(=O)N1CCc2nnc(N3C[C@@H]4CN(C)C[C@@H]4C3)cc2C1,0,5,0.37900000000000045,6,4,1,6,0,1,49.79823900000002
C303,C#CCCC1(CCC(=O)N2CCn3c(C(=O)NC(C)C)ccc3C2C)N=N1,CC(=O)N1CCn2c(C(=O)NC(C)C)ccc2C1C,1,3,1.5493999999999999,5,2,2,5,0,0,43.54665299999999
C304,C#CCCC1(CCC(=O)Nc2ccc(-c3cn4cccc(C)c4n3)cc2)N=N1,CC(=O)Nc1ccc(-c2cn3cccc(C)c3n2)cc1,1,3,3.2681200000000015,4,3,2,16,0,0,42.263895000000005
C305,C#CCCC1(CCNC(=O)c2c(CC)nc3ccc(Cl)cn23)N=N1,CCc1nc2ccc(Cl)cn2c1C(=O)NC,1,3,1.9096999999999997,5,2,2,10,0,0,33.643516000000005
C306,C#CCCC1(CCC(=O)N2CCC(n3nnc4c(=O)[nH][nH]c(=O)c43)CC2)N=N1,CC(=O)N1CCC(n2nnc3c(=O)[nH][nH]c(=O)c32)CC1,2,6,-1.0086999999999986,9,3,1,10,0,0,37.70110200000001
C307,C#CCCC1(CCC(=O)N2CCCC(COC(F)(F)F)C2)N=N1,CC(=O)N1CCCC(COC(F)(F)F)C1,0,2,1.7812999999999999,6,1,2,0,0,0,29.550101999999995
C308,C#CCCC1(CCC(=O)N2CC(CC(N)=O)OC(C)(C)C2)N=N1,CC(=O)N1CC(CC(N)=O)OC(C)(C)C1,1,3,-0.1122999999999994,5,1,2,0,0,0,34.208274
C309,C#CCCC1(CCC(=O)N2CC[C@@H]3[C@H](C2)NC(=O)N3CCOC)N=N1,CC(=O)N1CCN(C2(C(N)=O)CCOC2)CC1,1,4,-1.2050999999999978,6,2,2,0,0,1,37.73506700000001
C310,C#CCCC1(CCC(=O)NCc2cc(C(F)(F)F)ccc2N2CCN(C)CC2)N=N1,CC(=O)NCc1cc(C(F)(F)F)ccc1N1CCN(C)CC1,1,3,2.0933,7,2,3,6,0,1,45.508860000000006
C311,C#CCCC1(CCC(=O)N2CCS(=O)(=O)CC2c2ccc(C)o2)N=N1,CC(=O)N1CCS(=O)(=O)CC1c1ccc(C)o1,0,4,0.9060200000000003,6,2,1,5,0,0,36.569894999999995
C312,C#CCCC1(CCC(=O)NC2CC3CCC(C2)N3S(C)(=O)=O)N=N1,CC(=O)NC1CC2CCC(C1)N2S(C)(=O)=O,1,3,0.07750000000000057,6,2,2,0,0,0,37.108274
C313,C#CCCC1(CCNC(=O)c2nnc(-c3ccccc3OC)[nH]2)N=N1,CNC(=O)c1nnc(-c2ccccc2OC)[nH]1,2,4,0.8399000000000001,6,2,3,11,0,0,33.365516
C314,C#CCCC1(CCNC(=O)c2cc(C3CC3)nc3c(Cl)cnn23)N=N1,CNC(=O)c1cc(C2CC2)nc2c(Cl)cnn12,1,4,1.6197,6,3,2,10,0,0,34.07672300000001
C316,C#CCCC1(CCC(=O)NCc2nc([C@H]3CN4CCC[C@H]4CO3)no2)N=N1,CC(=O)NCc1nc([C@H]2CN3CCC[C@H]3CO2)no1,1,6,0.24140000000000028,7,3,3,5,0,1,39.92827400000001
C317,C#CCCC1(CCNC(=O)c2cc(S(=O)(=O)NC)cs2)N=N1,CNC(=O)c1cc(S(=O)(=O)NC)cs1,2,4,0.015800000000000092,7,1,3,5,0,0,29.393929999999997
C318,C#CCCC1(CCNC(=O)c2nc(C3CCN(C)CC3)n[nH]2)N=N1,CNC(=O)c1nc(C2CCN(C)CC2)n[nH]1,2,4,-0.02649999999999969,6,2,2,5,0,1,35.23748100000001
C319,C#CCCC1(CCC(=O)N2CC(c3n[nH]c4c3COCC4)C2)N=N1,CC(=O)N1CC(c2n[nH]c3c2COCC3)C1,1,3,0.4280999999999997,5,3,1,5,0,0,34.26589500000001
C320,C#CCCC1(CCNC(=O)c2cc(C)n(-c3ncccn3)c2C)N=N1,CNC(=O)c1cc(C)n(-c2ncccn2)c1C,1,4,1.24374,5,2,2,11,0,0,35.657102
C321,C#CCCC1(CCC(=O)NCC(O)(c2ncc(C)o2)C(F)(F)F)N=N1,CC(=O)NCC(O)(c1ncc(C)o1)C(F)(F)F,2,4,0.8690199999999995,8,1,3,5,0,0,29.451723
C322,C#CCCC1(CCNC(=O)C2CN(C(=O)Nc3cc(Cl)ccc3OC)C2)N=N1,CNC(=O)C1CN(C(=O)Nc2cc(Cl)ccc2OC)C1,2,3,1.5583,7,2,3,6,0,0,41.434688
C323,C#CCCC1(CCC(=O)NC2(C(N)=O)CC(C(F)F)C2)N=N1,CC(=O)NC1(C(N)=O)CC(C(F)F)C1,2,2,0.021699999999999386,6,1,3,0,0,0,26.999516
C326,C#CCCC1(CCNC(=O)c2c(-c3cn(C)nn3)noc2C(F)F)N=N1,CNC(=O)c1c(-c2cn(C)nn2)noc1C(F)F,1,6,0.7672999999999999,9,2,3,10,0,0,30.059137000000003
C327,C#CCCC1(CCNC(=O)C(C)N2C(=O)C3CC=CCC3C2=O)N=N1,CNC(=O)c1cc2c(o1)C(C)(C)CCNC2=O,2,3,1.0502999999999998,5,2,1,5,0,0,36.394688
C328,C#CCCC1(CCNC(=O)c2cc(C)nc3onc(-c4c(C)nn(C)c4C)c23)N=N1,CNC(=O)c1cc(C)nc2onc(-c3c(C)nn(C)c3C)c12,1,6,1.9081599999999999,7,3,2,15,0,0,44.839481000000006
C329,C#CCCC1(CCC(=O)N2CCCC(c3[nH]ncc3CN3CCOCC3)C2)N=N1,CC(=O)N1CCCC(c2[nH]ncc2CN2CCOCC2)C1,1,4,0.9678000000000002,6,3,3,5,0,1,48.407032000000015
C331,C#CCCC1(CCC(=O)N2CCN(C3(C(N)=O)CCOC3)CC2)N=N1,COCCN1C(=O)N[C@H]2CN(C(C)=O)CC[C@H]21,1,3,-0.3525999999999989,6,2,3,0,0,0,37.735067
C332,C#CCCC1(CCC(=O)N[C@H]2CCCC[C@H]2Cc2nn(C)c(=O)n2C)N=N1,CC(=O)N[C@@H]1CCCC[C@@H]1Cc1nn(C)c(=O)n1C,1,5,0.35620000000000074,6,2,3,5,0,0,43.553446
C333,C#CCCC1(CCC(=O)NC(C)c2ccc(N3CC(C)CS3(=O)=O)cc2)N=N1,CC(=O)N(C)C(C)c1cccc(N2CCCS2(=O)=O)c1,0,3,1.7658,6,2,3,6,0,0,45.48186000000001
C334,C#CCCC1(CCC(=O)NC2CC(N(C)C)C23CCC3)N=N1,C=CCCN1CCC(NC(C)=O)CC1,1,2,1.1629999999999996,3,1,4,0,0,1,35.697860000000006
C335,C#CCCC1(CCNC(=O)c2cc(S(=O)(=O)CC)c[nH]c2=O)N=N1,CCS(=O)(=O)c1c[nH]c(=O)c(C(=O)NC)c1,2,4,-0.4719,7,1,3,6,0,0,32.149516000000006
C336,C#CCCC1(CCC(=O)N2CCCC(O)(CN(C)C)C2)N=N1,CC(=O)N1CCCC(O)(CN(C)C)C1,1,3,-0.07859999999999978,4,1,2,0,0,1,34.73986000000001
C337,C#CCCC1(CCC(=O)N2CCC(C#N)(CCC=C)CC2)N=N1,C=CCCC1(C#N)CCN(C(C)=O)CC1,0,2,2.10488,3,1,3,0,0,0,36.12427400000001
C338,C#CCCC1(CCNC(=O)c2cccc(-c3cnc4[nH]c(=O)n(C)c4c3)c2)N=N1,CNC(=O)c1cccc(-c2cnc3[nH]c(=O)n(C)c3c2)c1,2,4,1.2881999999999998,6,3,2,16,0,0,41.739102
C339,C#CCCC1(CCNC(=O)c2cc(-c3cc(F)ccc3F)on2)N=N1,CNC(=O)c1cc(-c2cc(F)ccc2F)on1,1,3,1.9794,6,2,2,11,0,0,29.612344
C340,C#CCCC1(CCC(=O)N2CCN(C(C)c3nc(C(C)C)no3)CC2)N=N1,CC(=O)N1CCN(C(C)c2nc(C(C)C)no2)CC1,0,5,1.4181,6,2,3,5,0,1,43.55344600000001
C342,C#CCCC1(CCC(=O)N2CCC(S(=O)(=O)c3ccc(F)cc3)C2)N=N1,CC(=O)N1CCC(S(=O)(=O)c2ccc(F)cc2)C1,0,3,1.2202000000000004,6,2,2,6,0,0,37.418102000000005
C343,C#CCCC1(CCC(=O)N2CCOC3(C2)C2CC4CC(C2)CC3C4)N=N1,CC(=O)N1CCOC2(C1)C1CC3CC(C1)CC2C3,0,2,2.0599999999999996,3,5,0,0,0,0,44.440239000000005
C344,C#CCCC1(CCC(=O)N2CCCCCCNC(=O)C3CCCC32)N=N1,CC(=O)N1CCCCCCNC(=O)C2CCCC21,1,2,1.6937999999999995,4,2,0,0,0,0,44.44703200000001
C345,C#CCCC1(CCC(=O)N2CC(c3nc(O)cc(O)n3)C2)N=N1,CC(=O)N1CC(c2nc(O)cc(=O)[nH]2)C1,2,4,-0.5788000000000002,6,2,1,6,0,0,28.880723000000003
C346,C#CCCC1(CCNC(=O)c2cccn3c(CC(C)C)nnc23)N=N1,CNC(=O)c1cccn2c(CC(C)C)nnc12,1,4,1.2873999999999999,5,2,3,10,0,0,36.990688
C347,C#CCCC1(CCNC(=O)Cc2sc(-c3ccn[nH]3)nc2C)N=N1,CNC(=O)Cc1sc(-c2ccn[nH]2)nc1C,2,4,1.1301199999999996,6,2,3,10,0,0,33.70351600000001
C348,C#CCCC1(CCNC(=O)c2cnn(-c3nc(CC)cs3)c2)N=N1,CCc1csc(-n2cc(C(=O)NC)cn2)n1,1,5,1.2507999999999997,6,2,3,10,0,0,33.70351600000001
C349,C#CCCC1(CCC(=O)NCc2cn(-c3ccccc3)nc2C(C)C)N=N1,CC(=O)NCc1cn(-c2ccccc2)nc1C(C)C,1,3,2.631800000000001,4,2,4,11,0,0,43.17106700000001
C350,C#CCCC1(CCNC(=O)[C@@H]2C[C@]23CCOc2ccc(Cl)cc23)N=N1,CNC(=O)[C@@H]1C[C@]12CCOc1ccc(Cl)cc12,1,2,2.1262,4,3,1,6,0,0,37.099101999999995
C351,C#CCCC1(CCC(=O)NC(C)Cc2ccc(S(N)(=O)=O)cc2)N=N1,CC(=O)NC(C)Cc1ccc(S(N)(=O)=O)cc1,2,3,0.4010999999999999,6,1,4,6,0,0,37.534688
C352,C#CCCC1(CCC(=O)NCc2csc(CNC(C)=O)n2)N=N1,CC(=O)NCc1csc(CNC(C)=O)n1,2,4,0.41529999999999984,6,1,4,5,0,0,32.312309
C353,C#CCCC1(CCNC(=O)Cc2nc3nccc(-c4ccc(F)cc4)n3n2)N=N1,CNC(=O)Cc1nc2nccc(-c3ccc(F)cc3)n2n1,1,5,1.2188999999999994,7,3,3,16,0,0,39.500516000000005
C354,C#CCCC1(CCNC(=O)c2cc(OC)nn2-c2ncccc2Cl)N=N1,CNC(=O)c1cc(OC)nn1-c1ncccc1Cl,1,5,1.2888999999999995,7,2,3,11,0,0,34.878723
C355,C#CCCC1(CCNC(=O)c2cnc3ccc(OC)cc3c2C(F)(F)F)N=N1,CNC(=O)c1cnc2ccc(OC)cc2c1C(F)(F)F,1,3,2.6218000000000012,7,2,2,11,0,0,35.68972300000001
C356,C#CCCC1(CCC(=O)N[C@@H]2C[C@H]2c2ccccc2OC(F)F)N=N1,COc1cc(C2(F)CN(C(C)=O)C2)ccc1F,0,2,1.8612,5,2,2,6,0,0,33.606309
C357,C#CCCC1(CCC(=O)NC2(Cc3ccc(F)c(C)c3)CC2)N=N1,CC(=O)NC1(Cc2ccc(F)c(C)c2)CC1,1,1,2.34532,3,2,3,6,0,0,36.007688
C358,C#CCCC1(CCC(=O)N2CCS(=O)C(CC)(CC)C2)N=N1,CCC1(CC)CN(C(C)=O)CC[S+]1[O-],0,2,1.1560000000000001,4,1,2,0,0,0,35.873067
C359,C#CCCC1(CCC(=O)N2CCC3(CC2)OCc2ccncc23)N=N1,CC(=O)NC1C(=O)Nc2ccc(C(C)C)cc21,2,2,1.9392999999999998,4,2,2,6,0,0,37.35268799999999
C360,C#CCCC1(CCC(=O)NCC2CCCC(C(F)(F)F)O2)N=N1,CC(=O)NCC1CCCC(C(F)(F)F)O1,1,2,1.6225,6,1,2,0,0,0,29.550102
C361,C#CCCC1(CCNC(=O)c2csc3cncn23)N=N1,CNC(=O)c1cn2ccnc2s1,1,4,0.7553999999999998,5,2,1,9,0,0,23.989551000000002
C362,C#CCCC1(CCNC(=O)c2nc(-c3ccccc3)oc2C2CC2)N=N1,CNC(=O)c1nc(-c2ccccc2)oc1C1CC1,1,3,2.5786000000000007,4,3,3,11,0,0,37.779102
C363,C#CCCC1(CCNC(=O)c2nc(C(F)(F)F)n3ccccc23)N=N1,CNC(=O)c1nc(C(F)(F)F)n2ccccc12,1,3,1.7127000000000001,7,2,1,10,0,0,28.707344000000003
C364,C#CCCC1(CCNC(=O)c2csc3cc(Cl)cnc23)N=N1,CNC(=O)c1csc2cc(Cl)cnc12,1,3,2.3093000000000004,5,2,1,10,0,0,28.589551000000004
C365,C#CCCC1(CCC(=O)N2CC(N3CC(c4nc(C5CC5)no4)CC3=O)C2)N=N1,CC(=O)N1CC(N2CC(c3nc(C4CC4)no3)CC2=O)C1,0,5,0.4935999999999996,7,4,3,5,0,0,43.44827400000001
C366,C#CCCC1(CCC(=O)NC(CO)c2cc(F)c(F)c(F)c2)N=N1,CC(=O)NC(CO)c1cc(F)c(F)c(F)c1,2,2,1.2734,6,1,3,6,0,0,28.64293
C367,C#CCCC1(CCNC(=O)Cn2c(C)nc3cc(F)c(F)cc32)N=N1,CNC(=O)Cn1c(C)nc2cc(F)c(F)cc21,1,3,1.3689199999999995,6,2,2,10,0,0,31.910723000000004
C368,C#CCCC1(CCC(=O)NC[C@H]2C[C@@H](OC)CN2c2cc(C)ncn2)N=N1,CO[C@@H]1C[C@H](CNC(C)=O)N(c2cc(C)ncn2)C1,1,5,0.5148199999999996,6,2,4,6,0,0,42.219860000000004
C369,C#CCCC1(CCNC(=O)[C@H]2CN(C(C)(C)C)C[C@@H]2C(F)(F)F)N=N1,CNC(=O)[C@@H]1CN(C(C)(C)C)C[C@H]1C(F)(F)F,1,2,1.6411999999999998,6,1,1,0,0,1,36.70206700000001
C370,C#CCCC1(CCNC(=O)CC(C)c2ccncc2)N=N1,CNC(=O)CC(C)c1ccncc1,1,2,1.3212,3,1,3,6,0,0,29.937102000000003
C371,C#CCCC1(CCNC(=O)C23CCN(CC2)S(=O)(=O)C3)N=N1,CNC(=O)C1C2CCN(CC2)S1(=O)=O,1,3,-0.8435999999999999,6,3,1,0,0,0,30.921102000000005
C373,C#CCCC1(CCNC(=O)c2cccc3c2C(C)(C)C(C)=N3)N=N1,CNC(=O)c1cccc2c1C(C)(C)C(C)=N2,1,2,2.4298,3,2,1,6,0,0,36.55068800000001
C374,C#CCCC1(CCC(=O)N2CCc3ccc(C#N)nc3CC2)N=N1,CC(=O)N1CCc2ccc(C#N)nc2CC1,0,3,0.9003800000000001,4,2,0,6,0,0,33.89030900000001
C375,C#CCCC1(CCC(=O)N2C[C@H]3[C@](C(F)(F)F)(CCS3(=O)=O)C2)N=N1,CC(=O)N1C[C@@H]2[C@@](C(F)(F)F)(CCS2(=O)=O)C1,0,3,0.5843,8,2,0,0,0,0,31.918515999999997
C376,C#CCCC1(CCC(=O)N2CC(C(F)(F)F)CCC23CC3)N=N1,CC(=O)NC1CC2CCC1(C(F)(F)F)C2,1,1,2.2436,5,2,1,0,0,0,30.508102
C378,C#CCCC1(CCNC(=O)c2ncnn3cccc23)N=N1,CNC(=O)c1ncnn2cccc12,1,4,0.08889999999999948,5,2,1,10,0,0,24.616344
C379,C#CCCC1(CCNC(=O)C2CCN(S(=O)(=O)c3cnn(CC)c3)CC2)N=N1,CCn1cc(S(=O)(=O)N2CCC(C(=O)NC)CC2)cn1,1,5,0.049700000000000744,8,2,4,5,0,0,44.16186000000001
C380,C#CCCC1(CCC(=O)NCc2cccc3nsnc23)N=N1,CC(=O)NCc1cccc2nsnc12,1,4,1.3274,5,2,2,10,0,0,28.843137000000002
C381,C#CCCC1(CCC(=O)N2CC(OC)(c3cnnn3C)C2)N=N1,CC(=O)N1CCn2c(CCO)nnc2C1,1,5,-0.8249999999999997,6,2,2,5,0,0,31.179102000000007
C382,C#CCCC1(CCC(=O)Nc2cccc(OCc3cscn3)c2)N=N1,CC(=O)Nc1cccc(OCc2cscn2)c1,1,4,2.6805000000000003,5,2,4,11,0,0,35.82551599999999
C383,C#CCCC1(CCC(=O)Nc2cc3c(cc2N2CCCCC2)n(C)c(=O)n3C)N=N1,CC(=O)Nc1cc2c(cc1N1CCCCC1)n(C)c(=O)n2C,1,5,1.8256999999999999,6,3,2,10,0,0,48.83344600000001
C384,C#CCCC1(CCC(=O)Nc2ccc(N3N=C(COC)CC3=O)nc2)N=N1,COCC1=NN(c2ccc(NC(C)=O)cn2)C(=O)C1,1,5,0.7790999999999999,7,2,4,6,0,0,37.26110200000001
C385,C#CCCC1(CCC(=O)N2CCC3(CCOCC3)C23CC3)N=N1,CC(=O)N1CCC2(CCOCC2)C12CC2,0,2,1.568,3,3,0,0,0,0,36.493067
C386,C#CCCC1(CCC(=O)N2CCCC3CCC(F)(F)CC32)N=N1,CC(=O)NCC1CCC2C(CC1)C2(F)F,1,1,2.194,4,2,2,0,0,0,33.711481000000006
C387,C#CCCC1(CCC(=O)N2CC3(CCC3)OC3(CCC3)C2)N=N1,CC(=O)N1CC2(CCC2)OC2(CCC2)C1,0,2,1.7105,3,3,0,0,0,0,36.493067
C388,C#CCCC1(CCNC(=O)c2c[nH]cc2-c2ccc(Cl)s2)N=N1,CNC(=O)c1c[nH]cc1-c1ccc(Cl)s1,2,2,2.7562000000000006,5,2,2,10,0,0,31.683137000000002
C389,C#CCCC1(CCNC(=O)c2cn3ccnc3s2)N=N1,CNC(=O)c1csc2cncn12,1,4,0.7554,5,2,1,9,0,0,23.989551000000002
C390,C#CCCC1(CCNC(=O)c2ncoc2-c2ccc(C)cc2)N=N1,CNC(=O)c1ncoc1-c1ccc(C)cc1,1,3,2.00962,4,2,2,11,0,0,32.925516
C391,C#CCCC1(CCNC(=O)c2csc(-c3cn[nH]c3)c2)N=N1,CNC(=O)c1csc(-c2cn[nH]c2)c1,2,3,1.4977999999999998,5,2,2,10,0,0,28.843137000000002
C392,C#CCCC1(CCNC(=O)c2ccccc2N(C)C(=O)c2scnc2C)N=N1,CNC(=O)c1ccccc1N(C)C(=O)c1scnc1C,1,4,2.08772,6,2,3,11,0,0,42.44589500000001
C393,C#CCCC1(CCNC(=O)CN2CCCC3(CC3)S2(=O)=O)N=N1,CNC(=O)CN1CCCC2(CC2)S1(=O)=O,1,3,-0.30940000000000034,6,2,2,0,0,0,34.014688
C394,C#CCCC1(CCNC(=O)c2c3c(nn2C)CCS(=O)(=O)C3)N=N1,CNC(=O)c1c2c(nn1C)CCS(=O)(=O)C2,1,5,-0.7493999999999998,7,2,1,5,0,0,33.114309
C395,C#CCCC1(CCC(=O)NC(C)Cn2cnc3c(cnn3C)c2=O)N=N1,CC(=O)NC(C)Cn1cnc2c(cnn2C)c1=O,1,6,-0.3454000000000006,7,2,3,10,0,0,36.465895
C396,C#CCCC1(CCNC(=O)c2ccccc2Cc2ncn[nH]2)N=N1,CNC(=O)c1ccccc1Cc1ncn[nH]1,2,3,0.7550999999999999,5,2,3,11,0,0,32.56351600000001
C397,C#CCCC1(CCC(=O)Nc2ccc3nnc(-c4ccc(F)cc4)n3c2)N=N1,CC(=O)Nc1ccc2nnc(-c3ccc(F)cc3)n2c1,1,4,2.4938000000000002,6,3,2,16,0,0,37.73372300000001
C398,C#CCCC1(CCC(=O)Nc2ccc(F)c(NC(=O)Cn3cncn3)c2)N=N1,CC(=O)Nc1ccc(F)c(NC(=O)Cn2cncn2)c1,2,5,1.0142999999999998,8,2,4,11,0,0,36.782516
C399,C#CCCC1(CCNC(=O)c2snnc2-c2ccccc2C)N=N1,CNC(=O)c1snnc1-c1ccccc1C,1,4,1.8731199999999997,5,2,2,11,0,0,33.696723
C400,C#CCCC1(CCNC(=O)c2c[nH]c(C(C)(C)C)n2)N=N1,CNC(=O)c1c[nH]c(C(C)(C)C)n1,2,2,1.0668000000000002,4,1,1,5,0,0,29.943895
C401,C#CCCC1(CCC(=O)N2CCS(=O)(=NS(C)(=O)=O)CC2)N=N1,CC(=O)N1CCS(=O)(=NS(C)(=O)=O)CC1,0,4,-0.7238999999999993,8,1,1,0,0,0,32.863102
C402,C#CCCC1(CCNC(=O)C(C)c2ncccc2F)N=N1,CNC(=O)C(C)c1ncccc1F,1,2,1.0702,4,1,2,6,0,0,26.733723
C403,C#CCCC1(CCNC(=O)c2ccc(S(=O)(=O)c3ccccc3)s2)N=N1,CNC(=O)c1ccc(S(=O)(=O)c2ccccc2)s1,1,4,1.9405000000000003,6,2,3,11,0,0,37.760723000000006
C404,C#CCCC1(CCC(=O)NC(CC)c2nc(C)n[nH]2)N=N1,CCc1nncn1CCNC(C)=O,1,4,-0.02339999999999981,5,1,4,5,0,0,28.617102
C405,C#CCCC1(CCNC(=O)C(C)Cc2ccc3c(c2)OCO3)N=N1,CNC(=O)c1ccc(C2(OC)COC2)cc1,1,3,0.9180999999999997,4,2,3,6,0,0,34.62789500000001
C406,C#CCCC1(CCNC(=O)c2ccc(-c3noc(=O)[nH]3)cc2)N=N1,CNC(=O)c1ccc(-c2noc(=O)[nH]2)cc1,2,4,0.38949999999999996,6,2,2,11,0,0,29.307137000000004
C407,C#CCCC1(CCC(=O)Nc2ccc(C34CC5CC(CC(O)(C5)C3)C4)cc2)N=N1,CC(=O)Nc1ccc(C23CC4CC(CC(O)(C4)C2)C3)cc1,2,2,3.2277000000000022,3,5,2,6,0,0,49.72023900000001
C408,C#CCCC1(CCNC(=O)C2CCN(c3ccc(C)cc3)C2=O)N=N1,CNC(=O)C1CCN(c2ccc(C)cc2)C1=O,1,2,1.0939199999999998,4,2,2,6,0,0,37.352688
C409,C#CCCC1(CCC(=O)N2CCC3(CC2)C(C)=Nc2ccccc23)N=N1,CC(=O)N1CCC2(CC1)C(C)=Nc1ccccc12,0,2,2.6727000000000007,3,3,0,6,0,0,41.40427400000001
C410,C#CCCC1(CCNC(=O)c2cccc(N=S3(=O)CCCC3)c2)N=N1,CNC(=O)c1cccc(N=S2(=O)CCCC2)c1,1,3,1.9395,5,2,2,6,0,0,38.492688
C411,C#CCCC1(CCC(=O)NCc2cnn(CCO)c2)N=N1,CC(=O)NCc1cnn(CCO)c1,2,4,-0.4885000000000006,5,1,4,5,0,0,27.652309000000002
C412,C#CCCC1(CCNC(=O)C(C)(C)Cc2cnn[nH]2)N=N1,CCC(NC(C)=O)c1nc(C)n[nH]1,2,3,0.7003199999999999,5,1,3,5,0,0,28.617102000000003
C413,C#CCCC1(CCNC(=O)c2cc3cccc(OC(F)F)c3o2)N=N1,CNC(=O)c1cc2cccc(OC(F)F)c2o1,1,3,2.3938000000000006,6,2,3,10,0,0,29.981137
C414,C#CCCC1(CCC(=O)N2CCC3(CC2)CCC(F)(F)C3)N=N1,CC(=O)N1CCC2(CC1)CCC(F)(F)C2,0,1,2.4343000000000004,4,2,0,0,0,0,33.711481
C415,C#CCCC1(CCC(=O)NCc2ncc(OC)c(O)n2)N=N1,COc1cnc(CNC(C)=O)[nH]c1=O,2,4,-0.5854000000000006,6,1,3,6,0,0,27.120723
C416,C#CCCC1(CCNC(=O)c2ccoc2C2(O)CCOCC2)N=N1,CNC(=O)c1ccoc1C1(O)CCOCC1,2,4,0.6372,5,2,2,5,0,0,33.66989500000001
C417,C#CCCC1(CCNC(=O)Cn2[nH]c(=O)c3ccccc3c2=O)N=N1,CNC(=O)Cn1[nH]c(=O)c2ccccc2c1=O,2,4,-0.5642000000000003,6,2,2,11,0,0,32.400723000000006
C418,C#CCCC1(CCC(=O)Nc2cn(CC(F)F)nc2OC)N=N1,COc1nn(CC(F)F)cc1NC(C)=O,1,4,1.1152,7,1,4,5,0,0,27.432723000000003
C419,C#CCCC1(CCNC(=O)Cc2cc(Cl)cc3c2OCC3)N=N1,CNC(=O)Cc1cc(Cl)cc2c1OCC2,1,2,1.5633999999999997,4,2,2,6,0,0,32.245516
C420,C#CCCC1(CCNC(=O)c2sc3ncccc3c2Cl)N=N1,CNC(=O)c1sc2ncccc2c1Cl,1,3,2.3093000000000004,5,2,1,10,0,0,28.589551
C421,C#CCCC1(CCNC(=O)c2nc(OC(C)C)ccc2Cl)N=N1,CNC(=O)c1nc(OC(C)C)ccc1Cl,1,3,1.8818000000000001,5,1,3,6,0,0,32.252309000000004
C422,C#CCCC1(CCC(=O)NC2CC3CCC2(C(F)(F)F)C3)N=N1,CC(=O)N1CC(C(F)(F)F)CCC12CC2,0,1,2.3398000000000003,5,2,0,0,0,0,30.508102
C423,C#CCCC1(CCC(=O)NCC(=O)N2CCN(c3ccc(Cl)cc3)CC2)N=N1,CC(=O)NCC(=O)N1CCN(c2ccc(Cl)cc2)CC1,1,3,1.1247000000000005,6,2,3,6,0,0,43.72627400000002
C424,C#CCCC1(CCC(=O)Nc2ccc(F)c(N3CCS(=O)(=O)CC3)c2)N=N1,CC(=O)Nc1ccc(F)c(N2CCS(=O)(=O)CC2)c1,1,4,1.0189,7,2,2,6,0,0,39.18489500000001
C425,C#CCCC1(CCNC(=O)COC2CCN(C)CC2)N=N1,CNC(=O)COC1CCN(C)CC1,1,3,-0.15680000000000005,4,1,3,0,0,1,31.646274000000005
C426,C#CCCC1(CCNC(=O)c2ccc3c(c2)C(=O)N(c2ccc(F)cc2)C3=O)N=N1,CNC(=O)c1ccc2c(c1)C(=O)N(c1ccc(F)cc1)C2=O,1,3,1.9859,6,3,2,12,0,0,40.657723000000004
C427,C#CCCC1(CCC(=O)NC2CCc3n[nH]c(=O)cc3C2)N=N1,CC(=O)NC1CCc2n[nH]c(=O)cc2C1,2,3,-0.23670000000000013,5,2,1,6,0,0,31.172309000000006
C428,C#CCCC1(CCC(=O)N2CCCC(C#N)(c3ccccn3)C2)N=N1,CC(=O)N1CCCC(C#N)(c2ccccn2)C1,0,3,1.4852800000000002,4,2,1,6,0,0,36.98389500000001
C429,C#CCCC1(CCC(=O)NC(C)c2ccc(-c3csc(C)n3)cc2)N=N1,CC(=O)NC(C)c1ccc(-c2csc(C)n2)cc1,1,3,3.315620000000002,4,2,3,11,0,0,41.210688000000005
C430,C#CCCC1(CCNC(=O)c2cn(-c3cccnc3)nc2C2CCOCC2)N=N1,CNC(=O)c1cn(-c2cccnc2)nc1C1CCOCC1,1,5,1.5209,6,3,3,11,0,0,44.40627400000001
C431,C#CCCC1(CCC(=O)N2CCCC2c2c(OC)n(C)c3ccccc23)N=N1,COc1c(C2CCCN2C(C)=O)c2ccccc2n1C,0,3,2.870300000000001,4,3,2,10,0,0,45.29986000000001
C432,C#CCCC1(CCNC(=O)c2cc(=O)[nH]c(C3CCOCC3)n2)N=N1,CNC(=O)c1cc(=O)[nH]c(C2CCOCC2)n1,2,4,0.023499999999999632,6,2,2,6,0,0,35.06789500000001
C433,C#CCCC1(CCNC(=O)c2cc(OC)c3c(c2)OCCO3)N=N1,CNC(=O)c1cc(OC)c2c(c1)OCCO2,1,4,0.8259999999999998,5,2,2,6,0,0,32.336309
